N,Repetition,Rate_TUM,Rate_Random,Rate_EPA
4,1,[0.64104384],[0.71932575],[0.64103886]
4,2,[0.54569328],[0.43109077],[0.54560179]
4,3,[0.60448119],[0.47140543],[0.53090388]
4,4,[0.36069354],[0.19602667],[0.36060866]
4,5,[7.70290718],[4.62564287],[7.69634808]
4,6,[2.24306505],[0.90622152],[2.09719064]
4,7,[1.37262799],[0.82323089],[1.37132605]
4,8,[1.21174509],[0.12726214],[1.11669405]
4,9,[0.82529894],[0.22730696],[0.73708729]
4,10,[0.80345165],[0.42614987],[0.74443537]
4,11,[0.5527635],[0.31077683],[0.4783622]
4,12,[0.81888806],[0.41612473],[0.81884868]
4,13,[4.54006187],[2.31471891],[4.3936378]
4,14,[0.39642877],[0.2741018],[0.39638345]
4,15,[1.72063685],1.3467557287965364,[1.4871934]
4,16,[8.29383393],3.3221884592320396,[7.72138165]
4,17,[0.52499091],[0.49703084],[0.52496382]
4,18,[0.91023763],[0.29729669],[0.86039086]
4,19,[1.40758518],[0.4888941],[1.22713591]
4,20,[4.26090532],[3.05324752],[4.12593779]
4,21,[1.24734427],0.8842527525029765,[1.06758207]
4,22,[0.29448718],[0.17033993],[0.2944875]
4,23,[0.76059187],[0.72373462],[0.75016799]
4,24,[2.00091428],[1.17334481],[1.96568069]
4,25,[0.42849096],[0.20370129],[0.38049539]
4,26,[1.18245009],1.2173619114239145,[0.90454659]
4,27,[0.86898514],[0.36806502],[0.82039982]
4,28,[1.35031323],[0.67949105],[1.34751935]
4,29,[1.65997959],2.5293479185009273,[1.50786338]
4,30,[1.07695823],1.097143913007497,[0.86002911]
4,31,[0.31812614],[0.18472268],[0.31811821]
4,32,[0.53868592],[0.32413227],[0.53863795]
4,33,[2.25837715],[0.60100586],[1.77062213]
4,34,[2.22122104],1.5378100211933172,[1.9905016]
4,35,[3.60308984],[0.19647948],[3.49704827]
4,36,[1.93149844],[0.78553353],[1.61476665]
4,37,[0.24827961],[0.13059416],[0.2482717]
4,38,[1.08941172],[1.14211437],[0.80827054]
4,39,[0.82293791],[0.71763675],[0.7511526]
4,40,[1.29972654],[0.2072529],[1.04349975]
4,41,[2.2202096],1.201627198665281,[1.9526962]
4,42,[1.64586621],[0.19488983],[1.33196008]
4,43,[1.1071485],[0.6669945],[0.97236433]
4,44,[6.16941226],[3.24949521],[6.09236978]
4,45,[1.98996253],0.8726222498553327,[1.9089929]
4,46,[4.80962994],2.303114406225201,[4.71951431]
4,47,[4.63089583],2.6370023547570645,[4.02998751]
4,48,[0.40444255],[0.23669763],[0.4043724]
4,49,[2.07279749],[0.54413892],[1.82981673]
4,50,[2.11457722],2.141481430531633,[1.68094769]
4,51,[0.56661527],[0.13041709],[0.49301216]
4,52,[4.29511795],[0.85323056],[3.84990169]
4,53,[3.46559867],[1.53451684],[2.9443981]
4,54,[0.55969926],[0.35009551],[0.55965353]
4,55,[1.11870391],[0.42040587],[0.99143637]
4,56,[3.75560724],3.010441002196855,[3.73830384]
4,57,[2.28197451],[0.97907346],[2.10110497]
4,58,[4.66092314],1.7108656204071684,[4.34329682]
4,59,[3.43771256],[0.38906582],[3.04523926]
4,60,[2.86204539],[1.50112854],[2.82608401]
4,61,[0.83766999],[0.12180578],[0.83767067]
4,62,[1.82644317],[0.71451328],[1.79205041]
4,63,[0.72462396],[0.23081448],[0.69260934]
4,64,[1.37383818],[0.60290011],[1.37377205]
4,65,[3.23510792],[2.10754451],[2.85806828]
4,66,[1.6360751],[1.11969786],[1.51420419]
4,67,[4.44774416],2.1735189954733145,[3.88199967]
4,68,[1.63643092],[0.54656169],[1.32330898]
4,69,[1.30842559],1.0830511476365663,[1.15873059]
4,70,[0.53484274],[0.35808562],[0.5347697]
4,71,[2.70154528],1.3787226285693077,[2.40874558]
4,72,[2.1832017],[3.1234505],[2.05687835]
4,73,[1.77570365],[1.76533],[1.51405741]
4,74,[4.15702176],[0.60430397],[3.63641508]
4,75,[4.12666304],[2.87523235],[4.07983502]
4,76,[1.71708058],[1.45261935],[1.56141022]
4,77,[8.02266828],4.110100133908764,[7.99691437]
4,78,[4.8288593],1.023301831384301,[4.80328517]
4,79,[4.15279332],[2.80613726],[4.05858407]
4,80,[3.57228927],[2.70459784],[3.43332512]
4,81,[5.60456922],[2.562739],[5.50116699]
4,82,[0.36176124],[0.2612044],[0.36168377]
4,83,[0.56039924],[0.2185367],[0.53557279]
4,84,[2.45332878],[0.11825898],[1.79784379]
4,85,[3.35010401],[3.01331702],[3.23692239]
4,86,[2.19280682],2.130830903390042,[1.94497221]
4,87,[0.96049693],0.721768558682588,[0.75035153]
4,88,[4.7813204],[2.69271659],[4.32856141]
4,89,[2.80186199],[0.40049234],[2.73947408]
4,90,[1.42600391],[0.31584941],[1.29389854]
4,91,[2.18099049],[1.5550468],[1.92871829]
4,92,[6.21968293],3.218768849521792,[5.9315336]
4,93,[0.375764],[0.2116358],[0.3757308]
4,94,[9.43052685],[5.5595019],[9.34712682]
4,95,[2.69925095],[1.33918364],[2.50126704]
4,96,[3.08338781],[1.83031699],[3.00638351]
4,97,[8.07224842],[3.93679095],[7.80299949]
4,98,[1.45762],1.5650639887150066,[1.31919737]
4,99,[1.3018822],[0.74728769],[1.06186863]
4,100,[1.00563547],1.1852184211334136,[0.95425454]
4,101,[3.04233421],1.5296120374115334,[3.02568852]
4,102,[1.24790309],0.9890063052902167,[1.22323747]
4,103,[7.74298264],[0.34280764],[7.6010688]
4,104,[2.48615735],[1.41623352],[2.43276662]
4,105,[3.94936106],[0.40067294],[3.62646303]
4,106,[0.48705702],[0.22589205],[0.4302497]
4,107,[1.00896248],[0.73861588],[0.95197726]
4,108,[0.77287815],[0.39444967],[0.62635874]
4,109,[0.42937681],[0.15853077],[0.42929576]
4,110,[0.44694577],[0.15197719],[0.44688945]
4,111,[0.69749697],[0.6423995],[0.53896936]
4,112,[5.84212939],[4.67156495],[5.65042378]
4,113,[1.49989298],[0.5212727],[1.31921622]
4,114,[2.7361818],[1.73628897],[2.43268744]
4,115,[1.88954488],0.7749703941336619,[1.59455032]
4,116,[1.63501718],[1.16231004],[1.48524152]
4,117,[0.98169335],[0.42699472],[0.93732162]
4,118,[0.58389681],[0.2075965],[0.47651941]
4,119,[4.42834942],[2.8223594],[4.33627063]
4,120,[1.08573985],0.6759767245107068,[0.81885682]
4,121,[0.40371987],[0.19645593],[0.40371056]
4,122,[0.46080713],[0.20141381],[0.42732909]
4,123,[3.03324715],[0.92806575],[3.08885291]
4,124,[1.57938089],[1.01538364],[1.15895061]
4,125,[0.92365655],[0.48980872],[0.79085242]
4,126,[4.87819929],[2.50545422],[4.62304307]
4,127,[1.30258253],1.277127460694317,[1.30257943]
4,128,[1.63392523],1.05113634679424,[1.4688956]
4,129,[2.46156016],[1.80564247],[2.38861464]
4,130,[2.44176665],[0.54029511],[2.42885776]
4,131,[2.52934223],1.372712741574989,[2.1621833]
4,132,[4.96271384],[4.12428504],[4.89932402]
4,133,[2.55243299],[1.94933159],[2.21037714]
4,134,[2.61892175],1.199043869593875,[2.24312207]
4,135,[1.97064534],[0.88233377],[1.79903608]
4,136,[5.28847761],3.2178378223381428,[5.14365155]
4,137,[0.6817166],[0.55380528],[0.6064142]
4,138,[0.52078495],[0.38777176],[0.52076883]
4,139,[0.75618849],[0.3878281],[0.64009696]
4,140,[7.70038728],[1.02771302],[6.91979731]
4,141,[0.63424319],[0.25874435],[0.63417274]
4,142,[2.50358948],1.6258969187293515,[2.47446217]
4,143,[1.1004673],[0.12955541],[0.84381042]
4,144,[1.71294647],[1.81073416],[1.3345669]
4,145,[4.47593885],1.1863262211442762,[4.43495074]
4,146,[0.28737794],[0.13606496],[0.28737053]
4,147,[0.54783661],[0.32401209],[0.47955632]
4,148,[0.82008077],[0.42753211],[0.69287114]
4,149,[1.07776448],[0.1860246],[0.93971231]
4,150,[0.80017168],[0.40023999],[0.73913469]
4,151,[5.84249381],[0.77003612],[5.46806725]
4,152,[13.25425059],[4.1406036],[13.1614444]
4,153,[0.71903416],[0.3390025],[0.64847033]
4,154,[0.78485191],[0.64816662],[0.75920199]
4,155,[7.00046723],[4.76949493],[6.96289547]
4,156,[2.76848702],0.8472656274340287,[2.687523]
4,157,[2.06069286],[0.49596994],[1.72462322]
4,158,[1.33545651],[0.49382648],[1.27486332]
4,159,[2.30237931],[0.33725059],[1.80546041]
4,160,[1.68919934],[1.13110369],[1.61641715]
4,161,[0.81563594],0.8487216618011237,[0.72837225]
4,162,[0.91358255],[0.41344083],[0.84556299]
4,163,[4.9343451],2.271482342227015,[4.5989968]
4,164,[1.1340564],[0.55355846],[1.0988217]
4,165,[0.34664062],[0.19453544],[0.34663007]
4,166,[0.73870035],[0.74335296],[0.69222716]
4,167,[2.46001855],[1.65354658],[2.40481922]
4,168,[3.41634445],[0.71801886],[3.12917513]
4,169,[0.51086884],[0.19309074],[0.51083207]
4,170,[1.52682724],[0.53114227],[1.30008426]
4,171,[2.39356399],[1.47223093],[2.08915582]
4,172,[1.67568334],[0.967494],[1.60794723]
4,173,[2.60838457],[2.55732998],[2.22356218]
4,174,[1.02296457],[0.2523318],[1.00776331]
4,175,[3.28479548],[0.28674472],[2.74433705]
4,176,[1.284773],[0.38446402],[1.16244484]
4,177,[0.24928348],[0.15872767],[0.24928104]
4,178,[1.81585703],[1.1683517],[1.69173606]
4,179,[0.82395997],[0.47311443],[0.82392417]
4,180,[1.92831383],[0.24799566],[1.48281313]
4,181,[0.64759147],[0.47467675],[0.56897532]
4,182,[1.25406775],[0.52987703],[1.02345767]
4,183,[0.69684449],[0.81776188],[0.66932219]
4,184,[1.42645834],[1.09800182],[1.26441128]
4,185,[4.97724699],2.418113282918661,[4.92786806]
4,186,[0.88355061],[0.39228718],[0.77364418]
4,187,[2.28298253],[0.78559819],[2.17949098]
4,188,[3.4062554],2.0750482686677207,[3.27666367]
4,189,[2.78655405],[0.71848866],[2.65928374]
4,190,[1.65897189],[0.54735492],[1.3581856]
4,191,[1.58915254],[0.84590758],[1.57213414]
4,192,[0.71572737],[0.23505123],[0.7156655]
4,193,[0.48141419],[0.53681965],[0.47212633]
4,194,[0.89269692],[0.20107226],[0.69218801]
4,195,[3.45154299],[1.50861899],[3.03268981]
4,196,[0.69711416],[0.65621717],[0.69705041]
4,197,[0.48780992],[0.47034256],[0.48771207]
4,198,[1.89551149],[0.07711475],[1.46140504]
4,199,[5.24347876],[0.22370667],[4.98788226]
4,200,[1.19657456],0.4509607041329599,[0.94784196]
4,201,[1.10064068],[0.21165395],[0.77371032]
4,202,[0.97179193],[0.4227886],[0.81333283]
4,203,[5.25526943],[0.20743681],[5.21911684]
4,204,[2.59962189],[1.83142325],[2.26230567]
4,205,[1.94795804],0.8440062415191485,[1.77903118]
4,206,[1.64319639],[1.00582984],[1.37951783]
4,207,[0.83012463],[0.37275923],[0.53508384]
4,208,[0.80630624],[0.19141915],[0.66085279]
4,209,[1.49726779],[0.34691087],[1.39774438]
4,210,[0.3403401],[0.10402449],[0.34031452]
4,211,[1.35914615],[0.45246495],[1.19993259]
4,212,[0.61475028],[0.34499375],[0.61467425]
4,213,[1.83032796],[0.56103801],[1.62926755]
4,214,[2.40374604],[0.91241338],[2.09459189]
4,215,[0.50029767],[0.18844443],[0.50023008]
4,216,[1.21322987],[0.6233811],[1.01295469]
4,217,[6.56317628],[2.60799173],[5.67749666]
4,218,[0.66398437],[0.4406811],[0.52811433]
4,219,[1.29010081],[0.73590832],[1.19808929]
4,220,[0.57250589],[0.33780389],[0.5224964]
4,221,[3.78105265],1.3468031685631339,[3.51626069]
4,222,[0.5438066],[0.23151107],[0.54373611]
4,223,[0.2887701],[0.24056525],[0.28873423]
4,224,[4.2539815],[0.42721608],[3.06467219]
4,225,[3.80434006],[3.15744609],[3.80427321]
4,226,[1.93675728],[0.42157574],[1.82013655]
4,227,[3.0589436],[2.39867511],[2.82407336]
4,228,[1.28160798],[0.3264904],[0.93767086]
4,229,[0.59328511],[0.6009206],[0.59321389]
4,230,[0.54290087],[0.2835899],[0.42641327]
4,231,[1.45850415],[1.24688324],[1.45847032]
4,232,[0.62030159],[0.15675105],[0.62029176]
4,233,[0.71284447],[0.2424117],[0.62861755]
4,234,[0.38852875],[0.18035525],[0.3884492]
4,235,[1.11638011],[0.75649567],[0.90960255]
4,236,[1.44051751],[0.6922476],[1.17078172]
4,237,[1.19299926],[0.48748673],[1.15172675]
4,238,[0.63421341],[0.13324388],[0.57470259]
4,239,[1.14465479],[0.39093033],[1.14456147]
4,240,[4.38525756],3.031736642653549,[4.02208517]
4,241,[4.04280481],[4.14002555],[4.02841508]
4,242,[1.0148948],[0.16477423],[1.01481345]
4,243,[1.01001749],[0.23859391],[0.72815556]
4,244,[6.69726111],3.3973278725238627,[6.63819452]
4,245,[4.09767425],[1.69808686],[4.00090388]
4,246,[2.6900664],[0.14573388],[2.68903916]
4,247,[0.42167473],[0.21986778],[0.42166822]
4,248,[6.50967026],2.631596849364853,[6.35428079]
4,249,[1.21673606],0.8441357635704546,[0.98451459]
4,250,[2.36078204],[1.30308443],[1.92907326]
4,251,[2.97399574],[2.7247811],[2.74058539]
4,252,[0.8485373],[0.37220307],[0.76452327]
4,253,[6.21434278],[3.94225408],[6.07254117]
4,254,[5.56630307],1.25424411195474,[5.52470032]
4,255,[0.85643417],[0.17646912],[0.8194857]
4,256,[1.6016651],[0.65028445],[1.28885567]
4,257,[1.59839984],[0.9062274],[1.4174727]
4,258,[0.96302708],[0.57978184],[0.77782894]
4,259,[1.01715092],1.1413015638762043,[0.95941257]
4,260,[8.47047622],3.1503092709655927,[8.45902068]
4,261,[0.38615406],[0.20521636],[0.34276302]
4,262,[3.37483741],[0.40452902],[2.89108015]
4,263,[3.36428185],[0.1903975],[3.06944388]
4,264,[1.81469557],[1.9263456],[1.57931177]
4,265,[3.044535],[1.70225697],[2.78785607]
4,266,[3.87195418],[1.0019776],[3.86935398]
4,267,[1.12651675],[0.32590575],[0.73967672]
4,268,[1.23919329],[0.2776711],[0.92050864]
4,269,[7.40689215],[0.17624386],[7.38799201]
4,270,[0.88706845],[0.56324108],[0.75890146]
4,271,[3.41652598],[1.79025779],[3.26643991]
4,272,[2.60682452],[1.15755884],[2.05260854]
4,273,[2.74556808],[0.29008005],[2.67241277]
4,274,[1.52299579],[0.56717525],[1.25432939]
4,275,[1.65066042],[1.28156605],[1.54422105]
4,276,[1.10105273],1.0830807867634207,[0.92157857]
4,277,[0.59378351],[0.2403714],[0.59377353]
4,278,[2.36091894],[0.51415083],[2.08521785]
4,279,[2.37030909],[0.52700206],[2.07673946]
4,280,[0.75694153],[0.26217829],[0.57248791]
4,281,[5.64910858],1.8199085490814921,[4.94914153]
4,282,[2.60825476],[1.577668],[2.65498264]
4,283,[2.65194264],[1.78574967],[2.40768947]
4,284,[1.28816869],[0.91718118],[1.12040773]
4,285,[1.73748333],[0.27499337],[1.57626164]
4,286,[1.38428187],[0.18097802],[1.1509629]
4,287,[0.43999223],[0.17677303],[0.39181962]
4,288,[0.67737564],[0.49823142],[0.61384761]
4,289,[3.11359319],[1.09409012],[2.84299317]
4,290,[2.68822998],[1.3720137],[2.61739054]
4,291,[2.29874332],1.4757513399005915,[1.77458419]
4,292,[0.51108872],[0.48275313],[0.46472451]
4,293,[4.43198178],[1.69748236],[3.84866338]
4,294,[4.7096076],[3.31848999],[4.68229064]
4,295,[5.99801528],2.821049876596492,[5.56882683]
4,296,[2.60823212],[0.82812623],[2.45235928]
4,297,[5.01036947],[2.75446127],[4.64095329]
4,298,[0.48100154],[0.1520483],[0.4384976]
4,299,[1.87094387],[1.56526063],[1.68419889]
4,300,[0.50441072],[0.22875606],[0.46392665]
4,301,[0.86241069],[0.23124786],[0.68169734]
4,302,[0.47024599],[0.20013972],[0.47016394]
4,303,[4.55829354],[1.22030667],[3.99122019]
4,304,[2.25793429],0.7503904761061189,[2.10808873]
4,305,[0.76298717],[0.41701462],[0.76002034]
4,306,[2.81675655],[0.16498496],[2.65829858]
4,307,[0.29694132],[0.15297083],[0.29689553]
4,308,[0.66247403],[0.58134932],[0.66238008]
4,309,1.201085511652575,1.0780481925811107,[0.77413295]
4,310,[3.39268025],3.0490411118591227,[3.26929747]
4,311,[1.02849599],[0.44579164],[0.91103697]
4,312,[0.2073511],[0.09583406],[0.20734686]
4,313,[2.22104298],[1.04798661],[1.88301934]
4,314,[0.50096512],[0.32313406],[0.50094576]
4,315,[6.44709816],4.472338606694741,[6.28571737]
4,316,[4.01711547],2.1054433083830952,[3.24175019]
4,317,[1.68751628],[0.61091446],[1.53851309]
4,318,[5.51206907],[3.91487389],[5.25746146]
4,319,[3.55827922],[1.71137765],[2.71404826]
4,320,[0.50808953],[0.26211823],[0.50801778]
4,321,[1.09115636],[0.656768],[0.98442156]
4,322,[3.71577993],2.7644081781146626,[3.05600513]
4,323,[0.94388616],[0.69824032],[0.94386492]
4,324,[1.43091617],[0.72707216],[1.26896502]
4,325,[5.28313168],[3.74722807],[5.02883932]
4,326,[2.93480983],0.6534611390749485,[2.20049782]
4,327,[0.70513609],[0.24393154],[0.58434036]
4,328,[3.08327767],2.1206333577798344,[2.36919938]
4,329,[6.6938187],[0.17081904],[6.59968087]
4,330,[0.5156364],[0.47936347],[0.43654832]
4,331,[0.69616786],[0.6134518],[0.69614465]
4,332,[3.50630333],2.1141901875454217,[3.26905176]
4,333,[1.23156871],[0.16384643],[1.00548156]
4,334,[3.39509696],[1.09572537],[3.33041509]
4,335,[1.39595845],[0.46666388],[1.29159113]
4,336,[1.26280194],[1.43526167],[1.07489084]
4,337,[1.01873734],[0.21072936],[0.76474385]
4,338,[2.11960714],[1.00934397],[1.4365463]
4,339,[0.54784081],[0.2845604],[0.5477844]
4,340,[4.93953165],[2.30673743],[4.66754241]
4,341,[5.25069214],[1.6305228],[4.67096862]
4,342,[0.38159144],[0.29219872],[0.38156899]
4,343,[1.48939972],0.9360303234163444,[1.39627398]
4,344,[2.34657788],1.1718644818903534,[2.12583088]
4,345,[0.55468424],[0.53956831],[0.55462756]
4,346,[1.96887778],[0.65551962],[1.55510534]
4,347,[2.17533151],[0.7794214],[1.86294061]
4,348,[1.79468233],[1.10619855],[1.37673205]
4,349,[1.17719217],[0.91172661],[0.90445996]
4,350,[0.47943582],[0.10274184],[0.47942191]
4,351,[0.80964432],0.878701361913381,[0.66680415]
4,352,[5.4551263],[4.7999544],[4.73631478]
4,353,[1.20611248],[0.33232195],[1.17582277]
4,354,[2.63287978],[1.7712915],[2.07210146]
4,355,[1.96862474],[0.14573689],[1.78489006]
4,356,[1.34659958],0.9250693217659872,[1.1981679]
4,357,[3.27499009],[2.93301569],[3.07882638]
4,358,[3.88588613],2.3661546783201173,[3.77910881]
4,359,[4.4140532],[2.68115057],[4.07384659]
4,360,[1.57737408],[1.18495308],[1.40454284]
4,361,[1.31774215],[0.93943268],[0.95705798]
4,362,[1.09856387],[0.92711865],[1.06110925]
4,363,[2.51821231],[1.18406749],[2.33973183]
4,364,[1.50273538],[0.58247785],[1.31860935]
4,365,[2.07605637],[1.3031229],[1.91045746]
4,366,[0.80879277],[0.29987857],[0.51868304]
4,367,[2.21850332],2.140320639194839,[2.15877077]
4,368,[1.09678133],1.1118766944914897,[1.06853336]
4,369,[6.04068063],[2.63731714],[5.29980118]
4,370,[0.57406215],[0.26358605],[0.57397271]
4,371,[1.27283917],[0.51810729],[1.0087946]
4,372,[0.69102717],[0.31918909],[0.69099716]
4,373,[4.7307951],[1.86174929],[4.61546703]
4,374,[2.77283035],0.9731673282806401,[2.61046214]
4,375,[3.71561989],2.201151064157063,[3.4677622]
4,376,[0.70059365],[0.203623],[0.61098894]
4,377,[2.72552705],1.389182068168652,[2.64550482]
4,378,[0.35630868],[0.22227166],[0.35623702]
4,379,[1.25858078],[1.23424422],[1.108268]
4,380,[3.35735188],[0.68398928],[3.09966445]
4,381,[0.7681236],[0.61671218],[0.76805754]
4,382,[0.98585626],[0.68337816],[0.98580974]
4,383,[0.32193951],[0.27939618],[0.3218978]
4,384,[3.30431068],1.465846707355683,[3.22357807]
4,385,[1.80504708],[1.39393139],[1.53080941]
4,386,[1.59005086],[0.59074428],[1.47022895]
4,387,[1.31341013],[0.89539329],[0.95767785]
4,388,[1.8905008],0.9364083228540481,[1.49623177]
4,389,[2.48901632],1.0823383226288292,[2.40520827]
4,390,[0.37313771],[0.15730132],[0.37310249]
4,391,[3.66075667],2.2988518852501856,[3.64095027]
4,392,[1.20432941],[0.87075321],[1.08552927]
4,393,[1.58204186],[0.67583367],[1.49928305]
4,394,[0.74691025],[0.45473243],[0.64159679]
4,395,[0.49094824],[0.24481746],[0.44452747]
4,396,[1.83137371],[0.17472774],[1.47773778]
4,397,[1.9788369],[0.15217423],[1.77258797]
4,398,[1.90205993],1.8736057335460319,[1.66069542]
4,399,[1.81362519],[0.72085941],[1.51257958]
4,400,[0.46996016],[0.46937828],[0.46989288]
4,401,[3.48980865],[1.59019163],[3.17106989]
4,402,[0.83257044],[0.62191767],[0.8134112]
4,403,[0.83547978],[0.35995819],[0.67737761]
4,404,[1.01302895],[0.33176882],[0.85215578]
4,405,[0.67808004],[0.31122128],[0.47090503]
4,406,[6.75337221],[4.98706397],[6.75143383]
4,407,[0.65858683],0.6600449358471517,[0.77959537]
4,408,[0.29898798],[0.13855417],[0.2989452]
4,409,[1.65304088],1.5684751464576001,[1.37581115]
4,410,[1.49428075],1.0398090247152911,[1.13078337]
4,411,[2.35086422],[0.21720676],[2.12030841]
4,412,[2.33863013],[0.14467261],[2.00854498]
4,413,[3.77139645],[2.23390439],[3.08741993]
4,414,[2.55681979],[0.71450976],[2.10401885]
4,415,[1.26063704],0.6893224399592002,[1.13408723]
4,416,[2.09213101],[1.47494045],[1.8915141]
4,417,[6.18876587],0.7597644734035576,[6.07005626]
4,418,[5.48658243],2.389935988253708,[5.27175337]
4,419,[0.80134071],[0.3452719],[0.68997541]
4,420,[1.27833193],[0.39551636],[1.10455616]
4,421,[0.83254369],[0.25420283],[0.68286623]
4,422,[3.72013804],[0.20129962],[3.1651453]
4,423,[1.77555377],[0.42028515],[1.48542702]
4,424,[1.61205139],[0.79423553],[1.11052591]
4,425,[1.45629952],[0.13562441],[1.09340582]
4,426,[0.47183309],[0.37523052],[0.47179152]
4,427,[1.74869378],[0.28991012],[1.72389523]
4,428,[0.70880443],[0.34748534],[0.52530894]
4,429,[0.55727824],[0.54567525],[0.55725813]
4,430,[0.38877432],[0.14136737],[0.34896167]
4,431,[1.56652734],[0.59022672],[1.32857478]
4,432,[4.24314473],[1.01546976],[3.8311637]
4,433,[2.32432141],[1.74190108],[2.19552253]
4,434,[1.9844865],[0.40521595],[1.90958351]
4,435,[1.40195926],[0.54808386],[1.24942]
4,436,[0.26398924],[0.19194913],[0.26398803]
4,437,[1.24417234],[0.31862881],[0.98759938]
4,438,[1.66431615],1.52907619959029,[1.43947899]
4,439,[1.40915332],1.305062176267618,[1.39689413]
4,440,[0.29528225],[0.14541866],[0.29527356]
4,441,[2.08435328],1.7585280258313487,[2.05368696]
4,442,[0.68235628],[0.48177139],[0.68226431]
4,443,[3.10560702],1.9542620826320747,[2.87286397]
4,444,[1.01759257],[0.74516658],[0.89391127]
4,445,[1.66697488],[0.420982],[1.48890683]
4,446,[1.08685788],[0.13623031],[1.00326407]
4,447,[0.92548045],[0.58940344],[0.92406174]
4,448,[2.33905732],2.0462257280144267,[2.28229495]
4,449,[1.67543135],[0.73850543],[1.56969397]
4,450,[0.49673582],[0.32320744],[0.42954147]
4,451,[2.32241556],[0.26535241],[2.32238343]
4,452,[3.91149497],1.0807364318529824,[3.68924508]
4,453,[3.0834348],2.5698663528205596,[3.0373941]
4,454,[1.41534572],[0.89708048],[1.30439587]
4,455,[2.47636974],[0.95672456],[2.18155091]
4,456,[0.76730471],[0.20789576],[0.75342434]
4,457,[0.40716353],[0.15683819],[0.40709548]
4,458,[1.31031169],[0.30045384],[1.05715668]
4,459,[0.7168986],[0.37417993],[0.71686868]
4,460,[0.40422917],[0.286163],[0.40416313]
4,461,[1.32308846],[0.24290338],[1.184543]
4,462,[3.31202168],[1.42834594],[2.9359549]
4,463,[3.93852697],[2.28973908],[3.57981301]
4,464,[2.21084781],[0.41632191],[1.7745895]
4,465,[1.87610552],[1.06652116],[1.29803554]
4,466,[2.31447268],[0.18206033],[2.01440594]
4,467,[0.7468271],[0.12403832],[0.57365425]
4,468,[1.5923143],1.306965364437216,[1.31378894]
4,469,[1.2304863],[0.22569542],[0.83288801]
4,470,[0.98718435],[0.82537601],[0.96339192]
4,471,[2.681565],[1.97747533],[2.62118781]
4,472,[2.08863096],1.1793420703854052,[1.99089702]
4,473,[1.56562929],[0.34120636],[1.48807917]
4,474,[1.28073396],[0.88697651],[1.14086775]
4,475,[0.6691078],[0.6949468],[0.49158565]
4,476,[1.18097378],[0.56421468],[0.87443043]
4,477,[1.64042849],[0.9955865],[1.60901985]
4,478,[0.35080514],[0.22693915],[0.35076144]
4,479,[3.17337797],0.963122289583179,[2.93348035]
4,480,[1.75369495],[0.63087605],[1.29186184]
4,481,[4.2972787],[2.93318345],[4.16610839]
4,482,[1.47063786],[0.84486374],[1.38429324]
4,483,[2.31819305],[0.40127181],[2.23622689]
4,484,[1.08860039],0.9536166138057389,[1.07767049]
4,485,[0.98237148],[0.7201307],[0.98234031]
4,486,[1.48921788],[0.65363787],[1.39411802]
4,487,[4.68269308],[1.13328046],[4.20389202]
4,488,[3.1193098],[1.36458494],[2.78455404]
4,489,[2.62342264],[0.13836279],[2.0537303]
4,490,[2.13861462],[1.03138916],[2.00457554]
4,491,[0.66191217],[0.509728],[0.66185963]
4,492,[0.88888879],[0.75424908],[0.73093829]
4,493,[3.45083195],[1.5193736],[3.43849789]
4,494,[1.06657089],[0.39177226],[0.80853119]
4,495,[0.56968616],[0.16650425],[0.49900973]
4,496,[0.72077121],[0.16222273],[0.72072203]
4,497,[1.37879869],[0.92602087],[1.02705319]
4,498,[0.77872459],[0.31520442],[0.63077916]
4,499,[4.67240489],3.375471220062991,[4.55497957]
4,500,[1.40382215],0.8159766994126035,[0.99720714]
4,501,[3.36687243],[0.20737846],[2.88602866]
4,502,[5.76459479],[0.12286443],[5.45037178]
4,503,[7.07242095],[0.12757779],[7.05393812]
4,504,[3.98970192],2.673899470326716,[3.97374453]
4,505,[3.1522207],1.0334222938955366,[3.03831463]
4,506,[2.02117964],[0.3365394],[1.80588225]
4,507,[3.01822154],2.9393961764658902,[2.68430658]
4,508,[1.06617986],[0.71526154],[1.06608591]
4,509,[0.36945671],[0.20418798],[0.36944551]
4,510,[4.59274002],[1.97507009],[4.39484726]
4,511,[0.90303691],[1.04563967],[0.75481346]
4,512,[0.46544956],[0.23083749],[0.46543515]
4,513,[0.33359455],[0.16695535],[0.33357603]
4,514,[2.26651835],[0.2871598],[1.98611475]
4,515,[1.26371288],[0.56124229],[1.17018321]
4,516,[1.77096784],[1.16614317],[1.98842737]
4,517,[1.02326743],[0.49533345],[0.83708819]
4,518,[0.62699827],[0.58273553],[0.62691882]
4,519,[1.50659269],[0.2925777],[1.00050579]
4,520,[0.98896312],[0.6883285],[0.83203517]
4,521,[0.67536818],[0.53059955],[0.67529794]
4,522,[0.94475177],[0.3596049],[0.66228747]
4,523,[8.31029844],[3.61514643],[8.30827423]
4,524,[7.57331752],[4.20273407],[7.54024303]
4,525,[6.38349838],[2.62012839],[6.15582578]
4,526,[0.6989829],[0.13780774],[0.62532781]
4,527,[9.15959147],[2.19094902],[9.10174432]
4,528,[2.18614449],[0.21194704],[2.14638385]
4,529,[0.93140503],[0.55728031],[0.84303421]
4,530,[2.66740327],[1.81850233],[2.0355447]
4,531,[1.30359827],[0.24397984],[1.26127709]
4,532,[1.67387986],[0.57442534],[1.27703758]
4,533,[0.80036103],[0.21024393],[0.80032593]
4,534,[0.37349246],[0.33369905],[0.37346218]
4,535,[0.90007834],0.9939581098271848,[0.86411199]
4,536,[1.04703224],0.788461785413942,[0.91344593]
4,537,[1.44903085],0.8309346602161138,[1.23073598]
4,538,[5.44833319],[4.3122101],[5.3182743]
4,539,[2.43478626],1.3146455025898929,[2.28548416]
4,540,[3.28140797],[2.24994354],[3.28150141]
4,541,[2.12635638],1.6489043834008406,[2.04166482]
4,542,[3.43745969],[4.38366238],[3.01416591]
4,543,[3.2887207],[1.06215367],[2.88612401]
4,544,[1.201314],[0.66864552],[0.94379938]
4,545,[2.54234975],[0.18038983],[2.44884449]
4,546,[0.85186301],[0.74817407],[0.77259266]
4,547,[0.35579121],[0.24760253],[0.35575583]
4,548,[0.53232938],[0.19561074],[0.53232679]
4,549,[0.9643372],[1.02263143],[0.70228995]
4,550,[1.23488017],[0.36968665],[0.99147874]
4,551,[1.13178158],[0.8518475],[0.95424683]
4,552,[2.33853862],1.2680764437066105,[2.30285611]
4,553,[1.055391],0.8988740691090268,[0.84559271]
4,554,[0.57340914],[0.44382034],[0.57338502]
4,555,[2.34173537],[0.26469626],[2.14767324]
4,556,[3.97329748],1.4560632028957519,[3.82143432]
4,557,[6.43898746],4.2630700355705535,[5.76107638]
4,558,[0.6480199],[0.56783919],[0.64801498]
4,559,[0.71993565],[0.21133959],[0.66725005]
4,560,[3.14254174],[0.89400344],[2.80951646]
4,561,[4.89824717],[1.93268206],[4.634295]
4,562,[4.50378702],[2.15237827],[3.78160692]
4,563,[6.54457015],3.758858515626033,[6.32449784]
4,564,[1.45196232],[0.73686958],[1.21637141]
4,565,[3.64001088],[1.96154376],[3.54419981]
4,566,[3.42592509],[2.19983592],[2.7065698]
4,567,[1.18238125],[0.50030215],[1.09202324]
4,568,[4.79514102],0.8365964074275969,[4.69401138]
4,569,[5.48413382],1.7697460129395237,[5.19878549]
4,570,[3.40079035],[1.2132229],[2.97726279]
4,571,[0.24294616],[0.15829752],[0.24285422]
4,572,[1.52416311],0.6143280507256794,[1.13191046]
4,573,[4.49058196],[0.46157074],[3.96416735]
4,574,[0.63229536],[0.17527367],[0.52140631]
4,575,[0.81653632],0.34581488448745845,[0.81644531]
4,576,[1.23751646],[0.38805207],[0.95826812]
4,577,[0.85443883],[0.25155911],[0.76598403]
4,578,[4.57711961],[0.35749281],[4.30457604]
4,579,[0.2936524],[0.15651221],[0.29363487]
4,580,[1.24273814],[0.47567273],[0.95909139]
4,581,[1.77767646],[1.21677979],[1.33343288]
4,582,[0.2946496],[0.14519425],[0.29460908]
4,583,[1.85177601],[0.35402255],[1.69647978]
4,584,[0.77361757],[0.2018055],[0.67537588]
4,585,[0.33233731],[0.20416917],[0.33232176]
4,586,[1.21366815],[0.25569462],[0.8868051]
4,587,[3.03842012],[1.05108134],[2.65815335]
4,588,[6.64795775],[2.66109869],[6.63412221]
4,589,[2.38834105],[0.42277606],[2.34419131]
4,590,[1.76477249],[1.19287021],[1.52112539]
4,591,[0.42642013],[0.12535946],[0.42635982]
4,592,[1.79461976],[0.98871634],[1.68124872]
4,593,[3.14868614],[1.14570324],[2.77014791]
4,594,[4.41618173],[4.04228817],[3.70420489]
4,595,[7.99466724],[3.94567419],[7.02881386]
4,596,[0.81006129],[0.67987484],[0.73331309]
4,597,[1.56338883],1.318735662971428,[1.40219359]
4,598,[0.5689062],[0.26308366],[0.49002931]
4,599,[2.99697929],2.242538892378165,[2.90814274]
4,600,[1.43628645],[0.94368058],[1.04154848]
4,601,[2.16371738],2.1534600780408817,[1.71025754]
4,602,[0.91672777],[0.27189896],[0.68369999]
4,603,[2.94907707],[0.8437686],[2.68455588]
4,604,[4.89317702],1.6916217057083989,[4.63510395]
4,605,[0.77632625],[0.32250911],[0.72935779]
4,606,[0.45684466],[0.35233296],[0.45681428]
4,607,[0.36801606],[0.12385044],[0.3679402]
4,608,[1.87162514],0.9535607834447895,[1.66346023]
4,609,[3.5118059],2.660785743472092,[3.33771491]
4,610,[2.00944345],[0.52997343],[1.61637052]
4,611,[1.53812347],[0.84086175],[1.39940725]
4,612,[1.78158444],0.6480278526572458,[1.39665031]
4,613,[2.21144578],[0.77515524],[1.58310086]
4,614,[1.05718692],[0.51049979],[0.95168055]
4,615,[2.59358458],2.1845282198094558,[2.4119079]
4,616,[1.09855069],[0.23048137],[0.9199618]
4,617,[0.7523835],0.6576184487819899,[0.58581995]
4,618,[4.82157244],[0.71645905],[4.15017973]
4,619,[1.36110179],[0.8244113],[1.36115644]
4,620,[0.48471971],[0.28994056],[0.48468883]
4,621,[0.98447481],[0.87431041],[0.8744857]
4,622,[5.4052811],[1.91563177],[5.03621017]
4,623,[1.82960377],1.8892993906796205,[1.74201728]
4,624,[6.48181998],[0.25591337],[6.44916163]
4,625,[0.69710781],[0.46650274],[0.69707661]
4,626,[2.90647829],[0.3188455],[2.49481526]
4,627,[2.40699995],[0.87345993],[1.78736882]
4,628,[1.90002404],0.7814420940325357,[1.52852154]
4,629,[3.56744904],[0.4253386],[3.56742012]
4,630,[1.2527234],[0.43405617],[1.01213126]
4,631,[0.39683445],[0.25834394],[0.3968117]
4,632,[2.06366167],[0.11847901],[1.99641563]
4,633,[0.30554939],[0.11093691],[0.30548571]
4,634,[0.96398713],[0.52987265],[0.84362116]
4,635,[1.05411674],1.1171977855540765,[0.92738918]
4,636,[4.92190126],[2.10430923],[4.29806158]
4,637,[1.70315699],[0.58377451],[1.50849101]
4,638,[1.60722168],[0.90899941],[1.31886981]
4,639,[0.90993743],[0.2813329],[0.83239577]
4,640,[2.66455772],[1.27226365],[2.21092759]
4,641,[0.65210814],[0.34644112],[0.61496583]
4,642,[1.66469469],[1.28382514],[1.63797287]
4,643,[1.91655686],[1.65291803],[1.65363948]
4,644,[2.01826991],1.3836438850444073,[1.8133951]
4,645,[0.65347466],[0.33349537],[0.55523936]
4,646,[1.79835819],[0.43253191],[1.36698075]
4,647,[1.15788611],0.9032620474098589,[1.09101221]
4,648,[0.51812289],[0.14290616],[0.51807279]
4,649,[2.06996901],1.4244986634507992,[1.86722692]
4,650,[6.20220008],2.419420302276076,[6.20119681]
4,651,[2.45333516],[0.98450405],[2.15672076]
4,652,[0.72918412],[0.56461514],[0.63902096]
4,653,[0.45537297],[0.14056444],[0.3415018]
4,654,[2.49738437],[2.0389574],[2.36275311]
4,655,[1.37847202],[0.56399074],[1.24985191]
4,656,[0.29849374],[0.10593651],[0.29847204]
4,657,[1.55300981],1.663560715783969,[1.30584389]
4,658,[1.02327445],[0.66247717],[0.97866369]
4,659,[4.67248805],[0.839614],[4.63529001]
4,660,[2.84790371],[1.84420149],[2.41389433]
4,661,[3.18888665],[1.80155158],[2.65099387]
4,662,[1.57652186],[0.42878011],[1.44740744]
4,663,[0.80176941],[0.39418875],[0.60865025]
4,664,[2.28740948],[0.30868158],[2.03242354]
4,665,[2.52701899],1.331053598720265,[2.11187748]
4,666,[1.05064807],[1.10263373],[1.05063625]
4,667,[1.50631687],[1.43664183],[1.36073989]
4,668,[1.62723595],[0.74860444],[1.2660044]
4,669,[2.08887311],1.6049068701584142,[1.75062923]
4,670,[1.24039867],[0.40179922],[1.09455409]
4,671,[2.2034871],[1.13647024],[1.98794125]
4,672,[1.92577605],[1.7188405],[1.7988928]
4,673,[1.54562995],[0.26689842],[1.24979903]
4,674,[1.63281214],[0.37264891],[1.60990333]
4,675,[2.293454],1.1913722113443597,[2.02330288]
4,676,[1.50330613],1.0910192279512125,[1.17833996]
4,677,[2.49336561],[1.70085417],[2.24434789]
4,678,[2.63889625],[0.17892227],[2.62071272]
4,679,[1.82496839],[0.53026464],[1.45875325]
4,680,[0.78840624],[0.16620147],[0.75234086]
4,681,[3.42224257],[1.16033314],[3.41992264]
4,682,[8.2245999],4.144815559480228,[8.12441515]
4,683,[1.73921166],[0.2767652],[1.35905497]
4,684,1.0042462040183269,[0.15272926],[0.59454562]
4,685,[1.77312999],[1.14629597],[1.60230082]
4,686,[0.93045225],[0.65840128],[0.76023308]
4,687,[0.40948103],[0.20775713],[0.40685721]
4,688,[3.03392168],2.263943639314654,[2.3280761]
4,689,[0.86202667],[0.25009205],[0.71411092]
4,690,[3.08600915],[1.5232763],[2.72659596]
4,691,[1.06591702],[0.13995435],[0.82212841]
4,692,[8.02761624],[3.23532561],[7.80653188]
4,693,[1.6617086],[0.74613525],[1.25883144]
4,694,[6.19457957],[5.8573913],[5.99314892]
4,695,[1.66734371],[1.16347962],[1.58774001]
4,696,[1.49113066],[0.23071434],[1.33819955]
4,697,[1.78031601],[0.26406949],[1.66404378]
4,698,[0.5799256],[0.18888145],[0.57989138]
4,699,[1.08295976],[0.37704812],[0.72642225]
4,700,[4.05254344],[2.2726494],[3.87308013]
4,701,[0.35541719],[0.20414377],[0.35532713]
4,702,[0.9476759],[0.43031583],[0.88435515]
4,703,[1.25347575],0.7060214789193795,[1.03278809]
4,704,[2.87207155],[0.51831218],[2.7074448]
4,705,[0.76324918],[0.36492811],[0.62533093]
4,706,[1.77827953],[0.60504883],[1.31707799]
4,707,[4.09181969],[2.03113209],[3.41313872]
4,708,[1.07899987],[0.58665275],[0.9707811]
4,709,[0.62317237],[0.23925915],[0.53546209]
4,710,[1.5741179],[0.94987207],[1.30963438]
4,711,[1.56031294],[1.29898349],[1.46509693]
4,712,[0.31714777],[0.18136139],[0.31712111]
4,713,[0.36882706],[0.20943271],[0.36881732]
4,714,[0.91671493],[0.61744575],[0.9166684]
4,715,[0.70747479],[0.23730608],[0.63972924]
4,716,[1.58550266],[0.33229135],[1.20088987]
4,717,[0.78864101],[0.29376891],[0.71400255]
4,718,[1.65685281],[1.15952205],[1.27822091]
4,719,[6.94844597],[6.15489551],[6.91471158]
4,720,[1.27914318],[0.64895327],[1.15742464]
4,721,[4.36800195],[2.81354922],[4.30592444]
4,722,[4.87845127],[1.68864083],[4.49792368]
4,723,[0.53954571],[0.33208512],[0.53945967]
4,724,[1.39337702],[0.6187581],[1.22534263]
4,725,[1.08798017],[0.53750248],[1.0162318]
4,726,[2.82615931],1.5525901257636616,[2.53686292]
4,727,[4.40995584],[0.37623909],[4.38463024]
4,728,[1.88933635],[0.22651846],[1.3414537]
4,729,[0.91165369],[0.58390642],[0.91157379]
4,730,[6.53683663],[2.35948581],[5.99114187]
4,731,[4.59392163],2.7635837154923295,[4.20871417]
4,732,[4.53511105],[0.43716732],[4.12612749]
4,733,[2.26911338],0.9271323060094596,[1.995934]
4,734,[3.34669344],[0.90997806],[3.23698056]
4,735,[3.74737807],[0.52193847],[3.67591537]
4,736,[0.94074777],[0.27792065],[0.5518607]
4,737,[2.62372367],[1.03256546],[2.62440391]
4,738,[0.38610433],[0.11837213],[0.38610056]
4,739,[2.06210069],[1.65717016],[1.94030917]
4,740,[1.80747879],[0.3235052],[1.17175377]
4,741,[4.01060406],[1.58447122],[3.97199798]
4,742,[1.17319824],1.507144906465305,[1.08088582]
4,743,[0.61016222],[0.3246591],[0.52148891]
4,744,[0.8070822],[0.49723601],[0.71351658]
4,745,[2.49194479],[0.75137232],[2.24071761]
4,746,[2.17881916],1.0795057218026374,[1.94333548]
4,747,[1.51961173],[0.63856455],[1.18666574]
4,748,[0.80042475],[0.42482647],[0.52550004]
4,749,[2.54727269],1.2227611236622442,[2.39637574]
4,750,[1.27307496],[0.3693416],[1.18389804]
4,751,[1.31837336],[0.23821582],[1.20657047]
4,752,[5.47063498],[3.86833566],[5.05520227]
4,753,[1.05151797],[0.93466993],[1.05145789]
4,754,[1.18847691],[0.47213494],[0.90597244]
4,755,[0.75048821],0.5443585393412247,[0.75048766]
4,756,[0.53135689],[0.19831264],[0.53127785]
4,757,[5.23841316],[2.50767357],[5.07909546]
4,758,[0.5739252],[0.18952037],[0.34759247]
4,759,[0.34637107],[0.12420959],[0.34631882]
4,760,[0.44857395],[0.32062949],[0.44849042]
4,761,[0.93803324],[0.49263617],[0.7624036]
4,762,[2.1567569],[0.66981171],[1.85382132]
4,763,[2.79295518],[1.58163619],[2.35633169]
4,764,[0.46082617],[0.17366473],[0.46079004]
4,765,[1.8415321],[0.95864324],[1.47289463]
4,766,[0.87843181],[0.52875459],[0.62743238]
4,767,[4.14509464],1.2281375634177443,[4.03313273]
4,768,[0.77014641],[0.59089556],[0.61162215]
4,769,[0.42331857],[0.14126256],[0.42324209]
4,770,[0.87351258],[0.96135388],[0.81503316]
4,771,[3.29422035],[2.10228388],[2.82444881]
4,772,[6.17737945],[3.81201925],[5.59423493]
4,773,[1.47359333],[0.39065551],[1.20259245]
4,774,[7.64759633],3.752394229737179,[7.46861305]
4,775,[3.41440824],1.6774294962700576,[3.0894759]
4,776,[3.84426068],[1.33860495],[3.7938529]
4,777,[4.97435364],3.0519647544655943,[4.78286966]
4,778,[0.29984729],[0.25603782],[0.29977347]
4,779,[0.59221514],[0.26098405],[0.50377624]
4,780,[1.28659253],[0.87655951],[1.07465667]
4,781,[0.91524317],[0.27534652],[0.91523031]
4,782,[1.43912018],[1.07805954],[1.25432065]
4,783,[4.51974734],[0.89933097],[4.04597069]
4,784,[1.48256103],[0.48370816],[1.22656443]
4,785,[0.67544618],[0.50438],[0.65567739]
4,786,[6.96188133],0.9213391105013738,[5.92009229]
4,787,[2.89646027],[1.87580723],[2.38855072]
4,788,[1.60956779],[0.85655493],[1.25420028]
4,789,[0.64553674],0.24806417733404032,[0.64332429]
4,790,[0.94477611],[0.46797108],[0.94468133]
4,791,[0.54118474],[0.56734545],[0.54114848]
4,792,[0.44084499],[0.2354483],[0.44075652]
4,793,[1.60049665],[1.22495664],[1.35864261]
4,794,[0.3773559],[0.1870314],[0.37735301]
4,795,[2.99941505],2.1451501207897326,[2.50246262]
4,796,[3.52067837],1.5640268367108974,[3.46370608]
4,797,[1.38776725],[0.34469686],[1.25018642]
4,798,[5.35040175],3.7419946312130556,[4.24075551]
4,799,[1.43152728],[0.33888933],[1.12356792]
4,800,[7.399173],6.533789072261657,[7.34753538]
4,801,[1.54043961],1.3245001346211638,[1.48622117]
4,802,[1.4993165],0.8508553310938778,[1.39445352]
4,803,[1.26368756],[0.7187554],[0.95049246]
4,804,[1.98105127],[0.44525113],[1.6250393]
4,805,[0.96519878],[0.43461839],[0.79889617]
4,806,[1.43783508],[0.49529134],[1.32769633]
4,807,[1.46465518],0.713012894239838,[1.31333159]
4,808,[3.40892743],1.9096294879859619,[3.30190155]
4,809,[1.57157749],[0.85151063],[1.29215352]
4,810,[6.98962325],[4.78391169],[6.87175008]
4,811,[0.61658125],[0.46010689],[0.61650656]
4,812,[1.28694855],[0.51269431],[0.9156544]
4,813,[0.98000546],[0.9420383],[0.85799945]
4,814,[0.93389356],0.5984810505637992,[0.90331462]
4,815,[1.88031995],[1.2288816],[1.77635808]
4,816,[1.15924953],[0.31713207],[0.84746571]
4,817,[1.00481766],[0.28909596],[0.8233708]
4,818,[7.63127589],[2.59786667],[7.56504191]
4,819,[8.86994987],[0.15746452],[8.81445071]
4,820,[2.41143664],[0.59915467],[2.25720211]
4,821,[2.26775737],[1.10510173],[1.9103057]
4,822,[1.73815369],[1.5714159],[1.49678041]
4,823,[2.05366532],[0.6401121],[1.64380094]
4,824,[0.82942496],[0.3238302],[0.76344957]
4,825,[2.72051101],[0.45877947],[2.45767537]
4,826,[0.85167271],[0.24019304],[0.73284266]
4,827,[7.14563616],[2.42425082],[6.99501707]
4,828,[5.10854677],[3.004218],[5.00452235]
4,829,[3.88587099],[0.17014644],[3.83785434]
4,830,[0.40015073],[0.26775584],[0.40010764]
4,831,[0.85668562],[0.24501304],[0.8566081]
4,832,[5.34064799],[0.32855987],[5.26665376]
4,833,[3.88689138],[1.35245237],[3.84042576]
4,834,[0.76803328],[0.41118599],[0.63556574]
4,835,[1.36969356],0.5476565141283845,[1.06930189]
4,836,[1.29064917],1.16782866165404,[1.14445833]
4,837,[5.15716787],[3.32030091],[4.78576137]
4,838,[2.144763],2.0986663458358645,[1.82889692]
4,839,[1.51197109],[1.0121141],[1.34870106]
4,840,[6.46243964],[4.25191547],[6.30861419]
4,841,[4.24519052],[1.32830657],[4.21647141]
4,842,[4.74148838],[1.24617983],[4.23896599]
4,843,[2.59781226],[1.05801133],[2.34136024]
4,844,[1.01808231],[0.76842029],[0.98479149]
4,845,[1.0498404],[0.7127724],[0.95578907]
4,846,[3.55791443],[1.22771332],[3.52151514]
4,847,[0.81378659],[0.13457343],[0.72469416]
4,848,[2.66711747],2.1450799546645505,[2.58544584]
4,849,[1.71628185],[0.35171558],[1.63426609]
4,850,[0.81997953],[0.28697568],[0.74130616]
4,851,[2.756166],[1.81420595],[2.2847283]
4,852,[0.58453598],[0.23379655],[0.58444959]
4,853,[2.32673908],[0.82817522],[1.89626792]
4,854,[0.67153033],[0.53205015],[0.4828854]
4,855,[1.53006277],[0.9437637],[1.53000198]
4,856,[4.53538945],2.074748220602276,[4.47379248]
4,857,[1.11614876],[0.97368254],[0.96990988]
4,858,[5.90322308],[5.08680363],[5.72275613]
4,859,[3.69939873],[0.44714432],[3.07004969]
4,860,[3.47975849],1.711768181889289,[3.26525446]
4,861,[3.15200962],[2.90280326],[2.93447533]
4,862,[1.72032261],[0.66002617],[1.71354912]
4,863,[4.57800359],[0.2562049],[4.45121812]
4,864,[0.83115321],[0.35657405],[0.83111554]
4,865,[3.7218464],[0.637749],[3.63289562]
4,866,[0.39819057],[0.22599592],[0.39812903]
4,867,[1.74696075],[0.66524376],[1.45168968]
4,868,[5.27545498],[3.4797763],[5.13692355]
4,869,[1.65943086],[0.94671086],[1.43597582]
4,870,[5.82819778],[0.3448896],[5.44005856]
4,871,[2.46436965],2.2094142572957396,[2.07950432]
4,872,[2.11482222],[0.52947096],[1.92820484]
4,873,[1.18879217],[0.98060657],[1.18873579]
4,874,[0.51570328],[0.21895093],[0.50112592]
4,875,[3.07116572],[2.2386513],[2.79739874]
4,876,[4.21188263],[3.0733619],[4.20780356]
4,877,[0.69714561],[0.52405707],[0.68584309]
4,878,[0.65971279],[0.51452414],[0.54076634]
4,879,[2.53743588],[1.28482538],[2.35358828]
4,880,[1.34564701],1.1217333694323293,[1.20335998]
4,881,[4.38294425],2.0849718753896855,[4.36949699]
4,882,[1.57632799],1.2619549850137677,[1.4105128]
4,883,[6.05534355],[2.47907051],[5.83138127]
4,884,[2.81555238],2.188953823329979,[2.4192034]
4,885,[1.4364266],[1.07364087],[1.08587485]
4,886,[5.59902948],[1.41411945],[5.41153121]
4,887,[0.422026],[0.27368797],[0.42193119]
4,888,[4.48817378],2.1481172895854193,[4.48213202]
4,889,[4.2679829],[2.36735509],[4.09745006]
4,890,[2.45415051],[0.51062978],[2.32069705]
4,891,[0.95455298],[0.67058277],[0.76894505]
4,892,[0.37467318],[0.38104485],[0.30991929]
4,893,[0.41015985],[0.33757215],[0.41007563]
4,894,[4.65370338],[3.24139214],[4.48935693]
4,895,[2.39750089],[1.77466808],[2.2016526]
4,896,[4.64070933],[1.32767764],[4.5232187]
4,897,[2.12089805],[0.56537591],[2.0987129]
4,898,[8.192041],[3.62170941],[7.95803733]
4,899,[0.61694899],[0.21923031],[0.54030416]
4,900,[1.88809494],[1.88032175],[1.83727055]
4,901,1.2267281393356984,1.2169458640666369,[0.68868651]
4,902,[6.94337679],[5.17796562],[6.57178878]
4,903,[3.0527294],[2.19422885],[2.81246118]
4,904,[1.93294738],1.407627145403512,[1.91708494]
4,905,[0.27838736],[0.19865828],[0.2783337]
4,906,[6.73555612],3.238868425169575,[6.61315461]
4,907,[12.67922957],[1.00349756],[12.67085298]
4,908,[0.9369631],[0.24189754],[0.93695585]
4,909,[1.83036335],[0.12644792],[1.22463186]
4,910,[8.46905342],4.711473014839768,[8.25190256]
4,911,[0.41532726],[0.27870644],[0.41528486]
4,912,[0.92360209],[0.23626691],[0.92355024]
4,913,[1.50441274],[0.58385482],[1.28834903]
4,914,[1.97030188],[0.79117179],[1.95168033]
4,915,[0.66516015],[0.63433589],[0.60202742]
4,916,[1.41657833],1.0287226721316869,[1.22660528]
4,917,[5.16704447],[3.72534151],[5.00700789]
4,918,[8.23801379],[4.21898798],[8.00680353]
4,919,1.2831223713556026,[0.78416752],[0.7626878]
4,920,[0.62808449],[0.30756089],[0.5418703]
4,921,[4.14901921],[1.17148315],[3.74813428]
4,922,[2.85528958],[0.73099135],[2.35888198]
4,923,[4.61069805],[2.86959828],[4.55542807]
4,924,[1.03728311],[0.31158861],[0.98776504]
4,925,[1.14937132],[0.60843199],[1.11481706]
4,926,[1.8454726],[1.21897121],[1.63137721]
4,927,[1.29931386],[0.59932358],[1.28902152]
4,928,[0.53858145],[0.1566473],[0.53853447]
4,929,[0.37237549],[0.17303785],[0.37231879]
4,930,[0.65111659],[0.43262108],[0.65106721]
4,931,[0.48095062],[0.45660074],[0.48090465]
4,932,[0.41869763],[0.28957863],[0.40631264]
4,933,[0.93324915],[0.39970455],[0.80864841]
4,934,[0.67540023],[0.26365501],[0.58305221]
4,935,[0.84999397],[0.27461664],[0.74228467]
4,936,[2.75631057],2.471418593077386,[2.34876453]
4,937,[4.1214985],[2.46072524],[3.66512857]
4,938,[2.34668344],[0.49547436],[2.11684649]
4,939,[2.86802267],2.2536458339453196,[2.85523397]
4,940,[2.92802894],1.5861356720763657,[2.80456556]
4,941,[1.96915087],1.5988353029074158,[1.87144599]
4,942,[0.997118],[0.56343936],[0.80475036]
4,943,[0.39814206],[0.38526875],[0.39812212]
4,944,[1.15501733],[0.55551791],[0.88391756]
4,945,[1.8630896],[0.51624863],[1.47079744]
4,946,[1.20488756],[0.74107505],[1.10401975]
4,947,[1.80686318],1.339976595509766,[1.39042563]
4,948,[3.63666745],1.4457207184934244,[3.13962919]
4,949,[2.36501603],1.5940476047166574,[2.28910294]
4,950,[1.16325145],[0.64455539],[1.16320923]
4,951,[0.39584884],[0.18492729],[0.39578796]
4,952,[4.50931982],[1.03109321],[4.50613626]
4,953,[0.55297171],[0.25203124],[0.49453258]
4,954,[2.71073637],[1.43570711],[2.44443638]
4,955,[2.45431296],[1.28220637],[2.31899713]
4,956,[3.99790262],[2.84026795],[3.94200039]
4,957,[0.93604219],[0.44714051],[0.90076623]
4,958,[0.36216334],[0.21468066],[0.36215048]
4,959,[0.46233035],[0.36653345],[0.45632512]
4,960,[2.23620424],[1.07315573],[2.07870815]
4,961,[3.42499835],2.0298685136512518,[3.19110428]
4,962,[0.60039158],[0.20484759],[0.44545644]
4,963,[0.81092495],[0.30674411],[0.70725344]
4,964,[2.21745496],[1.08650246],[2.1082806]
4,965,[1.04308562],[0.17829988],[0.8225052]
4,966,[3.97976095],1.3085808728158452,[3.69794248]
4,967,[0.73562771],[0.15441806],[0.53815972]
4,968,[1.41696271],[0.27519307],[1.30480911]
4,969,[0.29127808],[0.19140056],[0.29127076]
4,970,[4.33721131],[3.07341901],[3.55224201]
4,971,[0.47986962],[0.23911641],[0.47984586]
4,972,[2.82709896],[0.9493778],[2.46695637]
4,973,[2.19859982],[0.77381007],[1.91070789]
4,974,[0.74912673],0.8284814435453864,[0.74905956]
4,975,[3.53000498],[1.6796182],[3.46456202]
4,976,[1.2845389],[1.04983029],[1.09087809]
4,977,[3.48596726],[0.31190929],[3.02670192]
4,978,[2.02623614],[0.86030556],[1.83334816]
4,979,[3.7712288],[1.40193583],[3.02940914]
4,980,[1.22734357],[0.1638337],[1.15648239]
4,981,[2.90706735],[1.68416581],[2.72675366]
4,982,[0.40562341],[0.24386294],[0.40561073]
4,983,[1.2737186],[0.74756473],[1.16363315]
4,984,[0.95274223],0.5398279034828373,[0.812493]
4,985,[3.12805311],[1.72161645],[2.71550781]
4,986,[0.88755554],[0.14118019],[0.66421264]
4,987,[2.45184061],[0.3696202],[1.94741913]
4,988,[1.45943785],1.2862172772153901,[1.11152258]
4,989,[1.85471126],1.0913875993268396,[1.4150021]
4,990,[1.56176267],[0.93400321],[1.46784742]
4,991,[0.85835258],0.8669579129459968,[0.69620848]
4,992,[0.41275004],[0.3500734],[0.41274928]
4,993,[2.27639497],[0.45221486],[1.83495833]
4,994,[5.40623833],[1.90851099],[5.21218218]
4,995,[1.13455944],[0.76093195],[1.02750665]
4,996,[0.79987527],[0.60961758],[0.79980226]
4,997,[1.506438],[0.83092861],[1.15707839]
4,998,[0.30468037],[0.13787653],[0.30462713]
4,999,[3.28803486],[0.73855303],[3.14542846]
4,1000,[0.67305624],[0.29321647],[0.56369037]
