User,Repetition,Rate_TUM,Rate_Random,Rate_EPA
12,1,2.4809717531725157,2.1575228538897018,2.2682335291212454
12,2,1.272908870847734,0.5800780007650344,1.1530346922665058
12,3,2.543693802532222,1.379264650407296,2.229046113786956
12,4,1.892523795279471,0.828704236210912,1.4712276634956056
12,5,4.369090108324839,2.5595188040746555,3.889869393262346
12,6,2.6025254999897127,0.37770845739978853,2.1758887128085074
12,7,2.8743003812728865,2.2636732399513884,2.2425881366051104
12,8,4.118359053455839,2.344712886631454,3.5014745916553225
12,9,2.158476780753035,0.9723461885877427,2.087552466093053
12,10,1.489703260218327,0.5450996670893554,1.299960539778968
12,11,8.196360135320507,3.716705471804044,7.814491807603519
12,12,1.3077428378154778,0.8546702629188956,1.0597094551209865
12,13,0.9285765778072463,0.5198656397030333,0.7156416616398033
12,14,1.8082356543044946,1.5349116165285812,1.5139699899848318
12,15,2.3209064965789192,0.7901831535355971,2.1490301333443744
12,16,2.8238447360252312,1.5784222133460895,2.3207736210099825
12,17,3.8961585779431345,0.6957915252241563,3.1194485152064044
12,18,2.137706716005053,1.524486360067777,1.9735566034534595
12,19,1.2634082725626004,0.652042291415153,1.0547037261129326
12,20,5.098158009393968,0.9894183878305934,4.567618380346519
12,21,3.0258379140539313,1.4336455278622344,2.553251937275464
12,22,6.257638791118394,4.3674747486184256,6.138810086716936
12,23,2.876644235797568,0.5199385206891802,2.6161644100889694
12,24,4.201874504938601,2.074631105235047,3.7290216466683055
12,25,1.383478964424647,0.6469127753273272,1.0201242049811807
12,26,1.9643466638980553,0.15237876776841386,1.347638027742481
12,27,0.9343459020314785,0.2198784068813167,0.9342989132026731
12,28,1.9387691175304902,0.6974793486126747,1.3594522080451334
12,29,0.503133264889058,0.29686147170312105,0.5030634511211165
12,30,3.1775748656440563,1.0227840053982495,2.623850756235071
12,31,2.5924726526334543,1.1084616207764189,2.1041379757690954
12,32,1.9778046772878366,1.0068379889897843,1.80548944707157
12,33,1.03494878874718,1.1177461038947072,0.9275021833581377
12,34,1.6183203508250985,1.6799617535547111,1.3053265845264272
12,35,1.5426009337959767,0.7509093308235867,1.3332434496453809
12,36,1.7727031573566685,1.0379275143870816,1.4276988280575735
12,37,9.488283700203997,2.7840511366987166,8.639940952698126
12,38,1.6310168394370113,0.5307004893022407,1.4382875283855259
12,39,2.104625409337499,1.8252438141736338,1.8134727006156397
12,40,1.848326293262146,1.0664593991466937,1.4532510357758093
12,41,11.726598793551727,0.3049510365400868,11.363351102274368
12,42,0.8290005467664192,0.5749647587934252,0.7027877930148638
12,43,3.6555368925533975,2.4018210948453245,3.4869180400317368
12,44,3.215757628341655,1.630837213331133,2.7089867693127103
12,45,2.314756326316949,0.6624526145018572,1.8540169104483568
12,46,2.084264241253193,0.9535497814704028,1.818693248674317
12,47,0.48303962672490464,0.14621587696894683,0.4203441619925751
12,48,1.4048145649797723,0.5820421634127422,1.400312632740437
12,49,0.7484910533686451,0.32803005261809903,0.6446559249909211
12,50,1.2928939554385148,0.7320563013943951,1.23290669688259
12,51,3.908122894338253,0.3922694699141173,2.98619022303468
12,52,1.3246439345194612,0.4656067974486956,1.147616377138104
12,53,1.805247438353574,1.075735076775039,1.5516535646504663
12,54,3.445118822482637,2.1639372913875965,3.1827356990048843
12,55,3.8141236994457595,0.5869883145075276,3.105414491964224
12,56,5.857952379135716,0.8896114252160254,5.630243622794132
12,57,0.8985477410808597,0.7979638462124032,0.8447028364699514
12,58,1.4669455370595377,1.2548274625749585,1.1932648398196086
12,59,1.2549917164625213,0.777275352273418,1.254947671736134
12,60,6.068636040607458,2.7509232103006958,5.469036490969668
12,61,0.9748706478271201,0.1938574456833853,0.6836334023935988
12,62,0.7482133107012466,0.19091138770927357,0.5311479125389262
12,63,0.5415207201660787,0.180443459534641,0.4401886948608447
12,64,1.066445665660574,1.007819392447693,0.968114924713072
12,65,2.840453086996554,1.3567200506873276,2.6500982258042542
12,66,1.0902003291007385,0.7324380463889208,0.9603514890633592
12,67,4.879699759974907,1.7622156662350943,4.605048106430362
12,68,1.7789249824214357,0.24078301090649845,1.4519897236670165
12,69,2.2233426449452827,1.7439383279271023,1.9719110989742865
12,70,0.5121514484723735,0.28761770567198786,0.5120515356886971
12,71,0.9682690538513838,0.580310982985706,0.8423343215903585
12,72,6.761141088580839,2.309094788573768,6.453618880164965
12,73,0.7716481464838012,0.20613900926771983,0.6109575958307878
12,74,3.4073842786914437,0.8769645055780819,2.71835161599167
12,75,2.2169411507501278,0.23248063151793433,1.7175470047694659
12,76,0.5640860685379967,0.24851162122376577,0.4308654614217425
12,77,4.765928130971719,2.053655660062584,4.538926686838585
12,78,1.1509386944230264,0.33167078923674387,0.8660458471566576
12,79,4.498554540885586,1.113182609064037,4.143166122516011
12,80,1.0112786082431136,0.4549182304749255,0.918632552460219
12,81,2.85799362123095,0.30935830515470236,2.4492781605059597
12,82,3.3481052695752975,1.639031821405923,2.783980668595785
12,83,2.651327160332034,1.6690555015106843,2.079955872741828
12,84,1.972483577980613,0.7458651176075948,1.702079599580126
12,85,2.2494513600309496,1.0256200014449819,1.9605992675447514
12,86,6.025123213282835,2.6270784292832903,5.459222642517606
12,87,3.010842634006604,1.673635302318014,2.4174981434758966
12,88,0.8523376836468289,0.4518522914555488,0.7756277921444346
12,89,3.320788022308278,1.3626979628671962,2.9434878479462276
12,90,2.2951297929283854,1.5717499018761416,2.088873032558281
12,91,2.6641643063850813,1.555565240327564,2.4593283393574366
12,92,0.7585042305929788,0.21415474602782558,0.6447587330073231
12,93,1.630081851477291,1.032361554755961,0.9464090297128698
12,94,11.940561244253688,7.152790391756607,11.923658114887195
12,95,4.916798455611663,2.174410051378391,4.256383652689417
12,96,1.1058701847041759,0.489191743833795,0.938433939867453
12,97,2.0984528372132703,1.008664248492525,1.898794369314545
12,98,5.681369143610487,0.8511971959999883,5.217598359013338
12,99,5.239457550705698,3.8545810938338727,4.721627016752025
12,100,2.0797731734583684,0.948018704205779,1.8682812730463965
12,101,2.8012893962133005,1.0701681974591422,2.447637707775144
12,102,2.739740069801587,2.1578701312982265,2.6140599989340725
12,103,2.890553987068407,1.559387326571525,2.531940825539796
12,104,2.520944236680682,2.0547372748508845,2.4908261302236694
12,105,1.6172941495841442,1.2035248490383974,1.614643102445914
12,106,1.1270072990942612,0.4491430710686133,1.0096418209188298
12,107,3.608590007365783,0.4797110326972093,3.1936748427078907
12,108,1.1930053141321593,0.19707853179637375,0.9507280793492928
12,109,1.2550791230165286,0.8653478147503857,0.9286264894028857
12,110,2.1605774443205883,0.9933915088501408,1.6962779595457527
12,111,10.380197131144712,5.312348707467703,10.300166966483115
12,112,0.7805644036609906,0.18002151313067594,0.6025392132375704
12,113,2.1839385782443355,1.0036752261139275,1.9436505522163565
12,114,3.6094954340398377,1.2263112376054208,3.0977297290556827
12,115,1.0532548911280946,0.22295299167361732,0.7509999242847011
12,116,1.1651712849664309,0.7184103142079599,0.9329303085781191
12,117,3.978107417973833,1.0890120500413232,3.541441180080475
12,118,0.7195028820651086,0.34922240451194947,0.6444909121352279
12,119,6.3712322631431615,3.572062474458165,6.323043095228513
12,120,3.1850713526401453,2.1995675486777637,2.4961135318195997
12,121,4.197996147896146,0.9321814581981134,3.8095875619228385
12,122,9.308473200501739,4.08542174094327,9.034163508032979
12,123,1.9791671375147817,1.070564676025715,1.467608410802755
12,124,2.8198109217915794,0.5394907822015854,2.2850555891670057
12,125,0.9776817426921791,0.7816007208711271,0.9501761437694501
12,126,1.0574591426116215,0.47149705695015925,1.0013358946058974
12,127,4.7401733920543965,2.6275429400955947,4.489102071302575
12,128,2.199407618787609,1.1197239413140436,1.8434709507261253
12,129,12.3850096406968,6.939740437144345,11.80129722776067
12,130,3.063519728505081,1.3956375715226064,2.9053467868706653
12,131,1.5822333930158825,0.3925118805884551,1.2767916211147239
12,132,8.267658655909644,3.068666487610416,8.037834781035443
12,133,4.328764691203166,0.2197134366265328,3.991058290764081
12,134,3.5935923130631426,2.493206389777942,2.755185358022102
12,135,2.617413897797531,0.8280461890462453,2.16869675497932
12,136,0.914176187558061,0.30721114306565706,0.8502666849363956
12,137,0.6733359581662242,0.29667135852601956,0.6500151137176008
12,138,0.5517032688228241,0.16185817739558206,0.5180506895273408
12,139,3.894099137957055,2.4830392255455336,3.7382186807759212
12,140,8.923571882859974,3.6712567350788103,8.526882341645937
12,141,4.235326057147299,0.7071344028323234,3.8208341247491693
12,142,2.8828218021656626,0.5285225936828357,2.3980568458992835
12,143,7.4128264566485225,1.8935104529681186,6.5280317989092795
12,144,2.389559353771983,1.4468610713192211,1.873491254119168
12,145,3.155188941147427,0.571467412297877,2.8419794988538882
12,146,0.7746904760992548,0.2709003280960675,0.6085398460307545
12,147,0.39871338380060317,0.13373438440955385,0.358891580693948
12,148,3.3595500225022916,1.0857214500505352,3.0787721817795832
12,149,1.1273431891989514,0.6321431446321957,1.0381152847039015
12,150,2.1468768780944347,0.8891971092178568,1.691080924251253
12,151,1.2661165622029014,0.8556319220763342,0.9596271171786857
12,152,2.632039444948509,1.7018613658543278,2.1802063867190187
12,153,2.6338809275651003,1.7034909028688947,2.3321219993357376
12,154,1.0233653725314742,0.9039723022502648,0.9576073877988114
12,155,0.6044347548838432,0.5129592755186259,0.5855554121580662
12,156,1.9737949796462395,1.4467174206239055,1.7597320975369164
12,157,2.7090668124666526,0.9674478147163845,2.434502208867305
12,158,2.9302814657342324,1.5050301842940323,2.7141203663521996
12,159,2.8965412579793606,1.7261543784760947,2.758155722122121
12,160,0.9672647155420515,0.30993162611445446,0.8610963581524411
12,161,3.5246207300035346,2.4155447007338697,3.097813592484008
12,162,2.1926903028282014,0.9438254949336349,1.768479896452732
12,163,1.3986467175076582,0.4806373459931862,1.095060965243461
12,164,0.5414268466475392,0.29605582850387696,0.4870547230849751
12,165,0.947478396522553,0.4052909760135845,0.8058711658358368
12,166,6.701903880666469,2.9036812726738113,6.3006755764330435
12,167,1.028020581472619,0.4624296163365284,0.8478266418126403
12,168,1.5287797534096548,0.3901199715471599,0.9696769670684584
12,169,2.849725664810584,1.3760214355614935,2.4225572683823766
12,170,12.734880601501455,1.5545745219876932,12.710980202299432
12,171,1.687394360872308,1.1141451970321872,1.3824360558827522
12,172,2.3519813237876805,0.28277946049523545,2.1827849213423374
12,173,1.5111403001913084,0.20784029723032715,1.1717231975934241
12,174,9.248592075514363,0.6349721901313293,8.969140402052162
12,175,6.324891009648274,0.4726834008695033,5.8205906856861835
12,176,1.7097456393300783,0.7619614156132807,1.5839173334852932
12,177,3.244750390346112,1.4222293865042688,2.4782586644124933
12,178,0.8843897498221163,0.2443625454977003,0.7212514634764127
12,179,2.3122398502343477,1.1265882623281094,2.2457334114118748
12,180,2.9192600183380724,1.6617112234038358,2.426570265936779
12,181,11.674874795128597,0.8745752209299907,10.90198775823893
12,182,0.9904443047339853,0.830661104383269,0.8987658987574465
12,183,3.13276412293896,1.5334973293928007,2.896562955326949
12,184,0.8339750274929321,0.3971939100906429,0.703229628208019
12,185,0.6281792383352623,0.3977633021993331,0.4786759383365189
12,186,3.216161830291504,1.6871074900346,2.6449224813397705
12,187,1.6692919309264336,0.19853013336104175,1.1799662099918844
12,188,1.0249873523921749,0.17154521831802053,0.9368620629314102
12,189,13.4054681908301,6.046983968235699,13.092230228382332
12,190,4.54109642573257,0.9073946816257537,4.159211490995959
12,191,1.3239593893856263,0.45929893969235114,0.9645605646901202
12,192,2.8615657074493597,1.8601038534118028,2.3103380189301417
12,193,5.189032890405677,2.264988285843326,4.26803468806332
12,194,0.9807023006973213,0.43437761620344556,0.8263047226208207
12,195,1.786781576898994,0.6809489063299818,1.408917531413175
12,196,1.8569801909923458,1.064351312298765,1.6293196620578514
12,197,1.3491183827572542,0.6447794464058869,1.25705846613759
12,198,1.205704350558824,0.9430958893298689,1.024699398269775
12,199,7.110369553479538,0.910015074185129,6.93107613212141
12,200,1.1537533029437939,0.23572681941166104,0.8424032095099832
12,201,1.1549769947391384,0.42148067879189594,0.8703526173149723
12,202,2.486639264996662,2.7770065716474677,2.298230626443504
12,203,4.371236477448839,0.6850959144728431,3.865217276440441
12,204,5.725623324933812,1.4663060641384646,5.104914534403007
12,205,2.7981132454602875,1.555765199346733,2.560524708279066
12,206,0.7404968577307265,0.47495942291636334,0.643457158597199
12,207,0.933381779514421,0.48179962174626073,0.7061219453072098
12,208,3.3423252050019854,2.034878796217848,3.0833976744590985
12,209,11.68367192196258,4.386796698064025,11.669112408287512
12,210,1.164911672890396,0.1906840704212333,0.8417025385510454
12,211,2.2740399627268286,0.8059027444786315,1.7049489912247764
12,212,1.1052279709102957,0.3459640374699631,1.0308253139342662
12,213,0.5604985727506251,0.24562974565313794,0.5225319678852824
12,214,2.6435776249474428,0.5499913645211894,2.1499706529112803
12,215,4.205061141344235,2.3496044320547544,3.9530418615150413
12,216,0.7025301514310637,0.2393859752936094,0.6162339867151279
12,217,2.3813175349018385,1.7416855102108675,1.9886840007098399
12,218,3.4213838392738802,1.0447333209509544,3.1037075543890724
12,219,2.200543429728974,1.5717678973822595,1.9625368464306951
12,220,4.34099327748917,2.3773924808681675,3.701563901074773
12,221,6.250647143311616,1.1833835389146508,6.012069461153846
12,222,6.2563555368392505,3.726737823847818,6.32337855670958
12,223,3.4433643368870293,1.7211751632113224,3.0693894920993374
12,224,5.087340710488217,0.2899229841016281,4.56877881642578
12,225,7.676046849005688,4.508946915480456,7.616514779766091
12,226,1.6339818651994795,0.8053756370573131,1.198263792498978
12,227,0.784417339077593,0.22008175717519776,0.7340856279279881
12,228,1.932220907150197,0.4493638371223955,1.356195038111845
12,229,3.0849933163529393,2.0426807207301048,2.705897074362425
12,230,4.935397631722433,2.5075073225600746,4.479817221324348
12,231,7.044107087346846,3.79373533079824,6.862614076145257
12,232,0.9355102886859656,0.389736288205929,0.844630611284488
12,233,2.87605892609859,0.5711875765357646,2.0545815337616764
12,234,7.19468400508807,2.0424017525640745,6.535890006763146
12,235,6.872868896520975,2.9640790017360104,6.257764304125532
12,236,4.137437787544651,2.891220952132769,3.3326765234439955
12,237,0.3312586255336302,0.21117198467486262,0.33121501981914175
12,238,3.036652658138844,0.712572920028742,2.790801160849533
12,239,1.2603588802815686,0.30866698084729177,1.0021909843341112
12,240,6.15921585305918,2.015528622101532,6.158197168110885
12,241,1.7566509266143617,0.8107484910352272,1.4345538895231638
12,242,0.4714042882124226,0.17152723568828274,0.43485761095314024
12,243,2.3608074397785557,0.8393849473767201,1.9958445913745786
12,244,1.8121777924422788,0.6618641406141439,1.0562473784095088
12,245,4.93882521520601,3.2167360094892334,4.703473266223503
12,246,8.252871507746985,3.380196446472455,8.09712593080821
12,247,1.4172305119543402,0.3333129457911313,1.1993005150139036
12,248,4.487026392251576,2.5191719246846116,4.24671133920918
12,249,6.109318453506139,1.5762588363333982,5.610144488509322
12,250,2.398521243288747,1.87319197560263,1.9986099888378583
12,251,2.9911852821656963,1.5944953234144328,2.752744246856001
12,252,8.943169050652031,3.2011502461244157,8.609714945100647
12,253,3.1053617580003463,0.8124746218977833,2.678366583029961
12,254,9.832135591187358,3.1063793835433753,9.674427345705043
12,255,1.6375512537540067,0.8326665314395185,1.3386976355231504
12,256,1.5034762751235045,0.7476784646292126,0.9901421656111928
12,257,1.4093731707897508,0.18348533315913712,1.0583860645768224
12,258,2.548826761785075,0.28902609283315717,2.0642403477505322
12,259,0.35901753254070023,0.16113722908749586,0.3589449532716515
12,260,3.715744533959626,2.4605607527518902,3.550982409875075
12,261,1.3668797204206977,0.6631715499277534,1.1373727219664966
12,262,2.4170515351342132,0.7364243723480823,2.1016934708692663
12,263,0.9510914712661573,0.3869099459858689,0.745873071711401
12,264,3.1812081194661355,1.1574812055602997,2.8194271657955743
12,265,7.853458434817125,0.7175643824769617,6.973357888150655
12,266,1.0460103939264487,0.21441709623617083,0.8044081090398356
12,267,20.18378437113446,3.6401621803950013,20.165194423959285
12,268,4.873445827927375,0.7441933609177733,4.526330053538466
12,269,1.7885835493179674,0.793626345061831,1.387508388212312
12,270,0.8316666561194406,0.21416674514389306,0.5260717945526506
12,271,0.4748582492055141,0.37336355318667486,0.47476347256377477
12,272,7.096367235451134,4.71704980207615,6.846768479726933
12,273,4.521049278885318,2.310882929386652,4.260983391517213
12,274,1.5124949560862282,0.5141361432471454,1.2912219913940248
12,275,2.5859542555354658,1.5771055197598463,2.2854087115791186
12,276,4.052005098585941,1.4447875106540264,4.0006385720268565
12,277,2.896176765543534,1.5815528664557033,2.4677466705885602
12,278,4.040585214896946,1.496437666343449,3.8010935238898287
12,279,1.9991497319231715,1.0048451691055378,1.7892262818922804
12,280,2.3546230737005103,1.3643992819493653,2.075217616627149
12,281,4.905853674099241,2.586825718442581,4.486680160622287
12,282,8.65581527624123,0.8662930511853073,8.326431855693045
12,283,7.757223398667994,0.7598354420429841,7.3341206984771485
12,284,4.63136889374024,0.6380783365233805,4.1331230365216385
12,285,0.4440733244778142,0.555480154993073,0.4440640587981857
12,286,4.375404765078328,0.48835280407999876,3.783843898949009
12,287,0.8720823581848127,0.4014166590330523,0.7888091986184251
12,288,6.88668711088656,0.8224391788654064,6.4203557772334126
12,289,4.7257802591450515,1.9499652514559016,3.836876878489953
12,290,0.602988785757288,0.1891108047588203,0.559786648750842
12,291,10.488078358994091,3.643426929316466,10.398265482717287
12,292,1.441577313813359,0.7484022925374739,1.2443347539176455
12,293,3.9262197403057977,2.128415778022851,3.66589110370228
12,294,0.578916883793336,0.3691653055608031,0.5329411067329025
12,295,0.9407718534084535,0.1789226180332064,0.7794108671465974
12,296,3.035639423016452,1.604453014782664,2.576866966048292
12,297,1.6396884781081864,0.3352881959315455,1.4895588039793666
12,298,2.637777410817814,0.32005874969984954,2.157606327013751
12,299,4.261270933359853,1.9152105618216475,4.149306730246409
12,300,0.9042949499542987,0.6093113901107797,0.8420412455927656
12,301,3.75674350808715,1.9007673952535928,3.4109784245325416
12,302,0.37067044591628917,0.22375196012826504,0.3706206513757551
12,303,2.7718089946996716,1.0073011972733448,2.344884707499637
12,304,3.83382812435274,1.4205409920272967,3.583353350036048
12,305,0.98131517260348,0.45368396019059554,0.7975710202049332
12,306,2.750159979051711,0.9497352541608322,2.4764642796432437
12,307,2.6323552847433107,1.0940396948067859,2.3001192242683737
12,308,1.2183156196209481,0.1876024007287786,1.027362067673562
12,309,8.91538074766191,5.683349141778198,8.867785843775438
12,310,0.930768543394547,0.2987466327432188,0.7788902242000576
12,311,7.946983941678409,2.4074419437836307,7.539135098468681
12,312,6.504723440160816,3.1651728527907403,5.823259053560999
12,313,2.453921975803279,1.3417712071629935,1.5712234393429245
12,314,6.479012469123019,3.032653509891599,5.982690322919627
12,315,3.4845109948418944,1.6917567296290166,2.9918474179334273
12,316,1.8007873609043676,0.23775955685531003,1.3973688312086683
12,317,3.0634221405763133,1.5324719606195696,2.787390774622047
12,318,2.028254998416667,1.715153604823104,1.459865949556483
12,319,0.6287800259007224,0.31912996386389525,0.5890476766816657
12,320,3.0527984185347816,1.4158731763225232,2.6316824621099326
12,321,7.194203621441201,0.5017838100212804,6.945289381417188
12,322,6.137787317457061,1.8247805526443424,5.444253354350797
12,323,1.445458352087552,0.937243023267496,0.9972535816834952
12,324,1.9643445977698097,1.3778231948540343,1.5270393861436098
12,325,1.961638953118695,0.30547924632031853,1.4889828046582472
12,326,2.934268532483156,2.599774070887401,2.155803696757718
12,327,4.633528583868628,2.732965204713431,4.5231560645094655
12,328,1.8532590172664114,0.8195527165423959,1.4064072113351065
12,329,2.126362359055652,1.2930010723046104,1.9443760706847448
12,330,0.649851472219791,0.19241173523520488,0.6068576825650924
12,331,4.344544200706418,3.0417474823234647,4.243039431111393
12,332,1.5367186398028485,0.7666489511559713,1.3906939489427945
12,333,2.931662074453652,0.4912014563696611,2.3992762525061897
12,334,0.6896657300028586,0.24556621734444706,0.6555991153856466
12,335,3.9825605190946574,2.9225135120397288,3.608871143116678
12,336,3.663730079439974,1.430266845059693,2.746554214565152
12,337,6.678374007060408,3.779675506685575,6.588499960422223
12,338,0.9070652135185413,0.2459099662015236,0.6480841008224535
12,339,4.6032746581856125,1.4858085894084505,4.4558351259984
12,340,2.0899849149759473,0.7208656096879867,1.7752124580404283
12,341,2.544702827194409,1.3477978988196162,1.7670985754671111
12,342,5.70684522824351,2.707351132279184,5.501083094648204
12,343,2.34735770144608,0.668923703065101,1.952378463341305
12,344,2.4429444068413657,0.16346244459650153,1.717732082038046
12,345,5.4833400116711735,0.8672376745752921,5.2189814655207
12,346,3.6068255608079385,1.602070926326189,3.054629949307548
12,347,1.6273485163760688,1.1922919472825222,1.2038730726857305
12,348,1.2425023466840837,0.7413957368902613,1.0253668505787392
12,349,2.8303177301625446,2.322170447249738,2.438023235527208
12,350,1.0720712795348246,0.6817283262326193,0.8591521755092948
12,351,2.7418695270227587,0.6601584920418645,2.446699638583511
12,352,1.6632138990265712,0.5562054282080997,1.3707093080701096
12,353,0.9605287420692028,0.34020307298578756,0.9179016799342045
12,354,12.646743880348211,5.773301666775522,12.594295256368788
12,355,2.077392057052922,0.9760144121843684,1.770781640487694
12,356,8.109862152874094,3.414636371381379,7.628380131658113
12,357,2.2063313090607477,1.010505203741235,1.577208666331569
12,358,0.7355171768526307,0.3271802069591797,0.6395935829570346
12,359,2.268751510537396,1.2082938680517017,1.7731305516810472
12,360,1.7741830236785296,1.2567610292635056,1.4602804933957225
12,361,2.2923974960703175,1.30729870947444,1.9031177090232945
12,362,1.7546519952246649,0.1652849312653136,1.6038549447216455
12,363,1.3940043104043185,0.23953464534318336,0.8256762991754221
12,364,1.2930975808197775,0.9714156798517883,1.1781593175635376
12,365,2.0364513220943903,1.0430803702229519,1.8551866830430186
12,366,1.6754708269017913,1.1613991910498025,1.4208252246938433
12,367,2.6839840560904182,1.3537460340393193,2.2533671464857328
12,368,1.3331898868016125,0.7049073665743376,1.104933971811967
12,369,1.5639850064923673,0.9812775789069106,1.1946333894066146
12,370,7.112772192599588,0.8101203177408345,6.375168809928962
12,371,7.5868995972688,0.2763817186246601,7.403291712159216
12,372,4.0304095441218335,0.550484555441457,3.375634729190871
12,373,1.6226252101873855,0.5161427750858318,1.5243402014475513
12,374,2.7779166801409456,1.0804190919896375,2.16450307392107
12,375,2.2774010133321254,1.3131764719560912,2.0349273402869006
12,376,1.1743885378354826,0.2891118818304048,0.9458783466453813
12,377,0.39939578470954357,0.19429795084967344,0.399351174689994
12,378,1.0533154238786935,0.6542789564194941,0.9073013150768384
12,379,0.49160435178334816,0.1714216954872758,0.49153987512490716
12,380,1.6444449827422774,0.9821783514277367,1.2850869177555733
12,381,1.8782467467987827,1.2740917254771298,1.7167839362397874
12,382,3.290139215548151,1.2799496236562755,2.938729912569734
12,383,0.9343106877206515,0.29458399755794973,0.792099980817587
12,384,7.153076967361175,2.015990477154366,6.694956072744455
12,385,1.6891064138456908,0.7231623924594681,1.6890395037998323
12,386,3.1542646185121526,1.2981107240216472,2.837172025837271
12,387,5.8688266149936705,2.7061943162758837,5.327095895859033
12,388,2.0646459824979937,1.2350506184832903,1.8033363435370162
12,389,1.7291568664531096,0.5329532938496446,1.4200167346248562
12,390,1.048003051867732,0.40773801354447825,0.745604696041513
12,391,2.839165197500697,0.774305486506278,2.814036143335495
12,392,1.190366156792428,0.9257333928298788,1.1902848389661944
12,393,2.073379469209921,1.4500497386097027,1.87888472378698
12,394,3.3830432917295505,2.0073429833042287,3.0801471038454316
12,395,0.8998968198781019,0.4993812408987747,0.8196454955740669
12,396,7.1421608746871925,3.407590771362948,7.028465616855944
12,397,2.4499751450050153,1.4699399275455087,2.102484994351858
12,398,1.3819438951767786,0.550645502407624,1.0150117173092135
12,399,1.6550945455639936,0.8515721705671371,1.2684471847129126
12,400,3.658854834074138,0.181640916579578,3.0729115146300057
12,401,0.5662485694283994,0.2528374627467239,0.5152046570693137
12,402,2.281136848401942,1.947406955839876,2.1123831038066183
12,403,3.4804281653307636,0.6961304823096117,2.7737523228225314
12,404,2.306273261899721,1.2549656662113908,1.8257266307585356
12,405,1.5785654056789733,0.43732925747401197,1.1233804220321406
12,406,4.1173087677590745,1.6017326995292223,3.1424349483365885
12,407,7.470649677310792,0.4532886334736021,7.257270501078703
12,408,2.9058138479771434,1.8852308932677242,2.661456326356485
12,409,9.777802424676187,3.4938273834387923,9.611827346136229
12,410,4.847948404936616,1.2271641658570898,4.643665990600305
12,411,2.128611395001995,1.0419603281582401,1.8254504748281377
12,412,4.416171168582588,1.033268320391931,3.939466922886289
12,413,1.8274673034878828,1.0487383692107322,1.526534266995474
12,414,1.685082340407473,0.4491830892022667,1.6709226074941395
12,415,6.514408037590928,1.33966405614869,6.167891726109675
12,416,1.6628304822774336,0.5541258812857338,1.2891776918129922
12,417,3.0055405771623374,2.6807403828384455,2.522202086972823
12,418,12.930010450162381,7.407079015700123,12.765918626824117
12,419,3.0386579607365896,0.873442373936204,2.345866152555145
12,420,7.286389865866258,2.361877469522272,6.872780215291858
12,421,2.3161392240828422,1.7261168273697054,1.922712417957721
12,422,11.654912509557903,5.88162448971517,11.553351562750226
12,423,2.687605564995903,1.07477767184299,2.443646014822018
12,424,7.37672801270793,0.47258239546798775,6.696352994571858
12,425,0.8501218951847953,0.5311350182818496,0.7972893433862596
12,426,3.0188672460412986,0.8554667902117504,2.6827487054103445
12,427,4.120432929480343,0.45009543349095166,3.591939312943434
12,428,1.9389497563137348,0.44041106236373617,1.4882866101073229
12,429,2.5565301594860763,0.4896038536469371,2.2944329300849615
12,430,1.4662651593986618,0.22464093810491173,1.0687370174434956
12,431,1.5394275983547328,0.8596210506266214,1.045236194484204
12,432,1.8257693518178528,1.3858674693753767,1.770026183076079
12,433,3.1032717125134415,1.5472065459616953,2.886886456570739
12,434,0.5851431044041567,0.2033490969884148,0.522906142340367
12,435,3.410074019462442,1.1409924917827619,2.709485422113752
12,436,2.464885638496899,3.3471667442357473,2.304340175801545
12,437,4.26578225363313,0.6407869436314106,3.4536460010345293
12,438,5.30570499036291,2.272130447713254,4.622607138222614
12,439,11.089795152120741,4.459392570699742,11.064887395262787
12,440,0.9695944292157871,0.3956683698812873,0.7457086948511823
12,441,1.1081749295948709,0.9961292018003984,0.9140563486154428
12,442,0.8166312324016121,0.5187535211874883,0.7242492030303019
12,443,0.7599425181520583,0.6072880024007354,0.6770906015871802
12,444,11.265335250208157,6.3991767903903884,11.168175923877167
12,445,2.391312967915864,0.6093128016240613,2.0832973931168595
12,446,0.8621750757794152,0.4652948246582234,0.7753984148282604
12,447,2.9152564333292137,2.415241470624528,2.803930281676078
12,448,1.6849013759766982,0.8857639347524036,1.4455970273854912
12,449,2.3359752647574172,0.710509955717145,1.9704085153754514
12,450,2.783835629235134,2.024721679497313,2.283766707335909
12,451,1.2619057030222662,0.3644159775605665,0.974049158743574
12,452,4.491245708151212,2.374827351747701,3.8780663151081165
12,453,2.8537679255295556,0.8097950940171574,2.327742306597562
12,454,2.539742439559172,0.9920349722236641,2.183069583303602
12,455,1.5190669886318315,0.8305194970478793,1.0193034162096979
12,456,6.112958417860116,1.4037702835041956,6.071704186400118
12,457,0.5608859356985072,0.39409170187047166,0.5608207349714427
12,458,2.377953909648451,1.176271914950796,2.2175724783242754
12,459,0.8104882290043187,0.8641277752637345,0.7036280685810112
12,460,2.4964458464722847,0.4449831498310121,1.5734226652203418
12,461,2.1870336912379615,0.36155770077152216,1.876404105489444
12,462,6.576567168497625,2.455186521212083,6.040221422097622
12,463,2.459340451273859,1.5951450408468506,1.9869302788919474
12,464,1.9164684161720045,1.2770804097285673,1.5181682199426532
12,465,0.4361636819191206,0.2207365535065279,0.3684810952597167
12,466,1.6842694564454186,0.24886724706610897,1.4003131396186164
12,467,2.8494575039772188,1.622283192676579,2.578587338961538
12,468,11.710112378786064,4.579643014282885,11.47058529926963
12,469,5.834074606416108,0.5052087247203949,5.194691245813885
12,470,1.0996394980803545,0.6520288392599861,0.9982613292872662
12,471,1.8091107291156476,0.793447516803736,1.4034076156963249
12,472,1.3306193729048048,0.7196224118844223,1.0349159017426939
12,473,6.378915194461798,1.546596535472592,5.934575527142755
12,474,1.4255349240923114,0.5520355615719146,1.1062304026122196
12,475,3.7792739285032573,2.054346832025619,3.638920913170484
12,476,5.737479858502475,1.0287183646016738,5.131707665646684
12,477,6.96313570466331,2.252899674172461,6.890089216235013
12,478,3.2399746742426014,1.0637443828236128,2.927583937216518
12,479,2.9721541052856213,1.0455023646574186,2.7417534812496283
12,480,5.554234542527519,0.9423269160941877,4.939760895744313
12,481,2.5252391247957395,1.2958942222827954,2.491042905273138
12,482,2.4981857407919623,1.02667182801483,1.9842550304648863
12,483,1.202094080957139,0.5480184413485241,0.8739996063409954
12,484,8.898225782858542,3.096498545273729,8.178179043641268
12,485,6.908544724319769,5.980337118803708,6.2140184872893975
12,486,3.450395351041374,2.1229274510616634,3.3073582099081813
12,487,0.5150355438247611,0.17535828043158813,0.4172481934254264
12,488,1.5374913332551576,1.0708398919686362,1.4243589415395654
12,489,2.9442658362579497,2.1534067059466206,2.806436625140247
12,490,1.9155914415204385,0.5190882851920762,1.5011123440734289
12,491,2.305496998326193,1.4435533805901453,1.8157598454648927
12,492,0.8312590658075402,0.6263464669123535,0.7921833520484761
12,493,2.6204282496098728,1.005193628091149,2.1891720135184816
12,494,1.8249393684991475,1.4385472172321547,1.5593556582041608
12,495,2.210220153580574,1.4527073621381057,1.8433526611673645
12,496,2.7663116679593713,1.1124577078519438,2.343583765859691
12,497,3.9946647762615504,0.38688201293521424,3.242322147230732
12,498,1.8921447044082436,0.5434832898719599,1.6996606482577858
12,499,9.726761757172065,3.0415606514922513,9.590105653625397
12,500,2.2858159507044835,0.9187617920770609,1.8854381285337014
12,501,7.20107040711653,2.60677213317823,7.058470323707711
12,502,6.2787324455842075,3.0780816525407264,5.898478282446356
12,503,5.110632617458161,2.2059366782349406,4.827742242845424
12,504,10.505366017846718,4.6615229773079845,8.610859699695416
12,505,1.4878013058145076,1.0630007559535735,1.1240672336530975
12,506,2.1769330740929753,1.1870234080772912,1.7578534215107247
12,507,2.7281872191169994,1.3451869117702562,2.3120784329853823
12,508,9.07409260695706,2.7722092906767632,8.91247591688702
12,509,5.6473281981186005,0.2858264173449403,4.688117744142142
12,510,4.974776965888529,0.485455449441095,4.853863335825247
12,511,0.9977994516302955,0.5700417511467282,0.8720492147144021
12,512,1.911129430555367,0.7064982768232843,1.65380413659868
12,513,2.7195121917159746,0.7310942327129417,2.3545156895733506
12,514,8.53960667562237,2.060163323462611,8.130858743949256
12,515,2.8784508293823854,0.7983952914642115,2.277417005103709
12,516,2.273197120832456,0.8039376759664247,2.039161798099717
12,517,3.097113925483376,0.8352130979205582,2.8131687794874565
12,518,2.6948478926108486,1.0292123710322205,2.435532904739892
12,519,2.799156180559998,1.9894370295788968,2.1632005169555932
12,520,3.0140579515468393,1.9815864419938718,2.456353333391938
12,521,5.253867733612148,1.538713266608099,4.532520503795178
12,522,2.3714115422655904,0.204514966591605,2.190012606405463
12,523,2.228191543606684,1.1160095792638842,1.80171435550673
12,524,6.242665099541289,2.867776892562257,5.191525746685128
12,525,1.348411809919978,0.34305936270616005,1.1026578112513652
12,526,3.6124169037903213,0.18956600541049828,3.0775393861909226
12,527,0.44777160058601057,0.15957577502349918,0.41987519822337765
12,528,1.013158268554804,0.5342185439226023,0.878783196751531
12,529,2.3871054359295965,0.20424388351518058,1.8768163833536793
12,530,2.138973122809494,1.472703002415535,1.9206325452738837
12,531,2.6691813621539464,1.2195093055497839,2.4268179266449805
12,532,1.7119074652409738,0.4680390243548479,1.6524357980017101
12,533,3.279762408276414,0.9014099487530015,2.9695014149461585
12,534,1.6885262595603683,1.1384394948440177,1.347766374126276
12,535,5.975328556076786,3.254967984880607,5.0707199591699865
12,536,9.141224275001823,3.815377676378897,8.189479715064097
12,537,3.7659616923336374,2.017475323557216,2.832412241030289
12,538,6.171247063490404,0.18538510746288828,5.850195696710018
12,539,3.7015221776046934,1.0086578034327733,3.48064457776592
12,540,1.2545744613457057,0.5473785023051941,0.9430154191087776
12,541,5.181706932616025,2.513512519686862,4.223226304408051
12,542,0.6614094125590103,0.179633361311068,0.6159711821377054
12,543,8.531663969759839,0.26677521095882223,7.180178286386685
12,544,4.185916804598502,1.1022082015149866,3.9865982591745897
12,545,0.6557339571703567,0.21287392480970224,0.6028887897291123
12,546,3.3916315229448633,1.1211323376425564,3.0597689365126617
12,547,1.4297632450073567,0.5588265584622224,1.333649227660802
12,548,1.9875833778704322,0.13834358607345748,1.4602150292950202
12,549,1.6894154803238173,0.2200000695423321,1.3413507913486298
12,550,0.47169559013706,0.1961797955256115,0.4716485053099913
12,551,3.0522979989353165,1.573120198157925,2.79082217591851
12,552,3.888190422400296,2.875618589903102,3.6281986784377134
12,553,4.841059092687772,0.5850630676708923,4.747310317138514
12,554,4.277162701923704,0.8195078204011993,4.057111980123086
12,555,1.4827663700733416,1.2925606443106827,1.2267276956584616
12,556,1.3796751870379527,0.2835392880786396,1.1315193181490621
12,557,2.220903541394579,0.5896217709421396,1.884730130148673
12,558,0.7168980497881623,0.36495955490261284,0.585882353727642
12,559,3.989080587838929,0.32447515000600424,3.834050140829069
12,560,1.08997438121398,0.5361697815637801,1.065796361150884
12,561,8.523897559313404,7.019913582348426,8.134891389840625
12,562,4.662685045117999,1.6522462462911367,3.8408141524326194
12,563,1.9569169044989807,1.4950368031902292,1.5820782128640096
12,564,2.624071457341633,0.6326363222459077,2.1884051827494426
12,565,1.0314209231289238,0.27333626826443824,0.9038842353008907
12,566,3.8619463744596727,1.5689118137988538,3.681673993988158
12,567,1.1115639864111384,0.49711468445976514,0.734062154353545
12,568,5.549211870105905,1.5526688713620884,4.578833839271915
12,569,2.0807217968434317,2.0903857001263644,1.5607684439037264
12,570,4.338603815585369,0.0788441058931632,3.2263932573041547
12,571,4.2611685588954185,0.5979731457787915,3.8873906291807434
12,572,2.718766511809614,1.9549031394942005,2.2636602336618408
12,573,4.057727084647425,1.9957904277946585,3.88164111990527
12,574,1.895785195211349,0.9437122639708957,1.687050601748788
12,575,1.7372673457062073,0.8151528631668956,1.4319894219940625
12,576,1.2021195729204108,0.9039114508064103,0.972656868343718
12,577,2.232318845831072,0.29954259247458026,2.1687363922244263
12,578,3.756911086923686,3.000283706251571,3.5432083391430735
12,579,0.4769604330666144,0.16359687884261942,0.4308840969504182
12,580,0.7280792336198123,0.15834228332955771,0.7280042426968586
12,581,0.5186510487506598,0.2466955291533195,0.43619973174944915
12,582,1.075123202140834,0.2602958635027922,0.9679704605001631
12,583,2.2278516597028015,0.903183675624389,1.9729066947771068
12,584,2.13450470460258,0.8613544811787015,1.6952297337239948
12,585,4.24753320545091,0.9476289599221255,3.474153446663867
12,586,3.013937207872674,0.7999926420284772,2.8675229014586887
12,587,5.683835543527575,0.6609500411589376,5.352982340739063
12,588,1.5066315938105965,1.3217758671039683,1.4383751162229905
12,589,1.7259955734947763,1.1667135585387418,1.517748994575971
12,590,3.9529212222680856,2.205831745141855,3.8067753907722133
12,591,1.3069975727712406,1.4610693322243866,1.1803350497306035
12,592,0.39330552511978806,0.13028916117778885,0.3784975846988438
12,593,1.5660014947024576,0.792996112878586,1.356105071792144
12,594,0.7932165922495255,0.6457484728074576,0.7301136097721128
12,595,10.981086820819922,0.2841458479230736,10.93919224017641
12,596,1.9455016449484082,1.1468403760275059,1.5064296977802905
12,597,3.095327238995634,0.9324326390948583,2.8891065501807796
12,598,2.3644838612735404,0.6843055325558729,1.8984795027643204
12,599,1.131977581198466,0.5128118277162174,1.1318784148200953
12,600,0.872992580208388,0.36369373060313387,0.7984061911107505
12,601,1.5341904163849995,0.5809479542858438,1.4191452433713418
12,602,2.1670465271588633,0.38077074275920175,2.001687518324106
12,603,7.856472730423269,3.969871241979944,7.682567232901625
12,604,3.366867120452167,0.8484203698375309,2.8311122681526264
12,605,4.611924029161187,0.3300130725287121,4.295552580610983
12,606,4.223249899618801,3.638558275064515,3.914307633684956
12,607,3.3801152595316317,1.3842055793991317,2.8150282603598527
12,608,0.8060332804285562,0.16738232273096967,0.576539746438975
12,609,3.2324115320371556,1.4819310006129536,2.4641997299656953
12,610,1.6987735597009705,0.6615036975064258,1.4123988436285813
12,611,1.6498219129810232,0.5696228821597946,1.4055668059766782
12,612,0.9980010031678763,0.6289588844656818,0.9359301578171624
12,613,2.3482913881834557,0.504402605049955,1.9008374037853315
12,614,5.28147633448079,0.5103955963952449,4.1151094889771525
12,615,9.891469061047527,2.472164095352446,9.607720953405202
12,616,4.733494452177102,3.690081949960235,4.691423398242201
12,617,0.6850756172833807,0.3125758869905124,0.6756958182457956
12,618,1.0384058627404018,0.2605339265321885,1.0354269836205745
12,619,2.9422751267499883,1.5475571640528907,2.7169621517509595
12,620,5.169051619154528,0.5984826595035146,4.742435161303259
12,621,4.497007587882246,2.090778518521969,4.292274479335018
12,622,1.401327434287392,0.28135425153346,1.149592486782819
12,623,0.8042617241223611,0.2482393241617765,0.7630056538733849
12,624,0.9568724430320078,0.3120383169852178,0.8876089250316048
12,625,2.092957440947586,0.7635107161406335,1.8643037159860159
12,626,0.9180988027941307,0.4978317223483236,0.8664295910609623
12,627,2.6373208439859193,1.4109457441273543,2.082775838245248
12,628,1.1301740681970738,0.34165397980694645,0.7444838960373705
12,629,3.8123075452731863,2.047583229441324,2.713866803087597
12,630,1.3179364036471872,0.4115611294689186,1.0560996132634939
12,631,1.955536798331913,0.9555016177767516,1.6591925179904754
12,632,4.476580713779442,1.4688880087258354,3.9614995401367006
12,633,0.886665695506045,0.3465423775303219,0.7788230757090044
12,634,1.1319937112616414,0.48079285617025835,0.9318850383594326
12,635,12.666079565257627,4.15300440285971,12.598353016514231
12,636,1.8948616453694869,1.0855091853774583,1.708382788992851
12,637,0.8174912060240902,0.6081258028933055,0.7456235463803498
12,638,2.2233495378072696,1.1839716419107535,1.76834610354824
12,639,4.000916984186696,2.0829651003063407,3.4365734153245957
12,640,9.1507512123592,2.772194118685683,8.731313509388201
12,641,2.506871844385455,0.8218782066766066,1.964700522476509
12,642,2.339061138706175,2.020159258232481,2.0617563747160452
12,643,1.1963069679632887,0.5667268393283775,0.9337868775070097
12,644,1.248086582574234,0.891990178977372,1.130943031340723
12,645,3.5477065953617704,2.0989034311763533,3.3035485773384448
12,646,1.9907496251815124,1.0348478270953931,1.679487278991483
12,647,4.704533400090908,1.0302254901794696,4.268263886984426
12,648,0.6649683247328136,0.36128406390706325,0.6192569219758792
12,649,2.811006210141423,1.7874306621517022,2.427702926578451
12,650,1.1257565754053913,0.6925774794168374,1.0444651692801026
12,651,2.1991765647796995,0.3748442059349216,1.851116199637112
12,652,2.6472771946987868,1.5295733286580502,2.188292266690577
12,653,1.8882888851001631,0.8893084062466482,1.764312387750251
12,654,2.0745247275670513,1.2923442796472069,1.7290668342503113
12,655,1.859662805166677,1.1604643892784305,1.5982134502802794
12,656,1.9880309434446382,0.19341811107832405,1.7063854676404207
12,657,8.057597536917068,2.2090921563392696,7.411547606436999
12,658,2.3737779462934654,0.3672279503117553,1.6803851955145852
12,659,3.820954229569442,1.785106976153045,3.347126690897822
12,660,2.43075027669064,0.35692591436492216,2.1461369361305405
12,661,1.2666479564548354,0.38495200731575074,0.9601994554920623
12,662,1.9522496696965632,0.29600872310610865,1.6241563588806522
12,663,1.000466107690544,0.2000438933178746,0.6871532571052608
12,664,2.0024977435322215,0.33638305446748273,1.5617174076761782
12,665,1.5156748383606486,0.6110701926327644,1.2078231695786683
12,666,0.6673991185896369,0.20293174169666442,0.541311265025681
12,667,1.798338454876065,1.0451028879241497,1.5274826617891315
12,668,1.1904832900349263,0.8600151356626009,1.0428212583079928
12,669,1.7577954407870982,0.9233849831381226,1.5386942037506046
12,670,2.5603591025029675,0.6523355891613452,2.2485321045630484
12,671,1.332434501328573,0.6251402652014454,1.110171847262306
12,672,1.3396231188349037,0.4898800828054578,1.1242529696469934
12,673,1.6311056029444528,1.2427515848486432,1.4476815337765374
12,674,1.3114777469158052,0.8566842393464544,1.162822028849245
12,675,4.160277372997555,0.9657775215137621,4.023535203371932
12,676,1.6498838786571977,0.5078704874796174,1.4345024549420893
12,677,4.628714822319793,2.3706064984434776,4.563338846333098
12,678,2.0198250022595094,0.5811546115882663,1.48774584649902
12,679,0.9373908580694663,0.438734228663135,0.8928802513405207
12,680,9.404823476427707,0.22453154409978826,9.334754980724767
12,681,2.7081906834704332,0.5430162588188433,2.247790253995983
12,682,1.1108368823981305,0.20318062480520327,0.944508905271686
12,683,4.0804936940269,0.3614767544404248,3.6133502893034217
12,684,8.589010525427486,3.486063590171202,8.47470629148862
12,685,6.329791269292451,5.432942972307822,6.049943468708287
12,686,1.969849067490709,0.8657588490613188,1.3542027242534378
12,687,2.3443184738845178,0.19884585745615302,1.8458898382690536
12,688,3.0005693863558305,1.127808518702314,2.503489106251061
12,689,2.3426074988415087,1.4501037617964947,2.1129707566608427
12,690,8.791573006600359,1.3450292576894223,8.326713984483652
12,691,1.7548516591357437,1.1945281707436524,1.6881238421539215
12,692,4.19580968962432,0.9939232123334394,3.9621757188587505
12,693,4.3836151162387065,0.733965861651228,4.274465184880659
12,694,2.3325008761949286,0.16263607931859422,1.9216169712700373
12,695,2.7607111754620357,1.5141927812957185,2.433453422797285
12,696,4.596219794588631,2.2567311944575534,3.7012582034656765
12,697,0.6423650455989,0.38964950958938527,0.5114652481975498
12,698,2.988670959786247,2.1917453484715477,2.5835572721921776
12,699,6.58212273178358,3.4474134099699363,6.065878073743566
12,700,3.1161724710246705,1.7000858699746775,2.5565754192181536
12,701,2.937821133057725,1.0091654507528203,2.3884063069621497
12,702,1.0734247845629858,0.41863402628198193,0.9199386024988134
12,703,1.7798458708248819,0.8371401996480232,1.3296849986373545
12,704,3.9629058376196484,0.7980397108167402,3.634859717115729
12,705,2.569335300416728,0.8020168241645214,2.1032509951642866
12,706,2.390222511028742,0.19662811426458393,2.2133275152093184
12,707,3.503970518169375,1.3243301104209981,2.781362850740665
12,708,1.4517807677561785,0.731477640607098,1.2301475855578807
12,709,1.5020199509097003,0.4872080743712623,1.157283368003722
12,710,7.211195536308311,2.1148984242566087,6.806627484394059
12,711,2.960920310494683,2.8522082228936565,2.6176303945713917
12,712,2.625843841360277,0.7876531631379086,2.010763587633348
12,713,1.7099548719874584,1.096221165678596,1.4447786199161954
12,714,1.5356685856560701,0.5720047829970505,1.3813791343676725
12,715,1.4489665024448433,0.5837191277468571,1.1956932542389418
12,716,3.4903854851126557,2.7036155639274644,3.260117249035523
12,717,7.105857816423659,0.23386406831801607,6.62090881492461
12,718,1.1174268666296636,0.4467500832414063,1.0488388040209549
12,719,2.720847239971765,1.7823293149569122,2.3297520991096587
12,720,1.2617627019548663,0.6241821203864267,1.0620441565378549
12,721,2.731434725471378,2.488761888441803,2.5959597900754185
12,722,1.8005779900959387,0.9747842659595478,1.5655311666920975
12,723,0.6195509702846471,0.5798839037706582,0.5556123869505236
12,724,6.744038439961841,4.7038628534603655,6.627993236139699
12,725,2.3168042816796355,0.8750895552365177,1.707953647659299
12,726,0.8309638948192131,0.4863358875616851,0.606187820282404
12,727,2.4386308743334473,1.4846007678984192,2.1265079623327594
12,728,4.106847513172567,1.7316812081972184,3.1495178423366132
12,729,1.5178315407039449,1.1650966023932388,1.3206669806284443
12,730,5.521022853354178,0.6906589228201856,5.055275635900335
12,731,0.8677990641680154,0.15785526711907727,0.8394870452990852
12,732,0.7921819312880436,0.1790668178435033,0.7921331136505847
12,733,2.112460094473163,1.6287486379102896,2.1117481897358825
12,734,2.644741236613133,0.4016362292342973,2.547494822933078
12,735,2.06132119418492,0.8348836888393352,1.8680096903352592
12,736,6.837278716021544,3.020113456361781,6.745583281552941
12,737,0.5690925956433692,0.3397763760500006,0.5403008697293024
12,738,3.927469941001278,0.7150427715939054,3.6145173351920197
12,739,4.337637319050442,0.6577601653060738,4.138682047582019
12,740,4.804712746280277,1.6310993233618571,4.7532575375434
12,741,2.4278476834595044,1.7329873998544116,2.3677116287807722
12,742,1.1995645038870346,0.5361660771373589,0.9436316990028686
12,743,1.4881328037286374,0.4423728918726418,1.339935535965043
12,744,1.497785355417427,0.810129246976772,1.2498658362768165
12,745,4.838278939704448,2.3947109260189987,4.087788408110782
12,746,0.6397463921958927,0.3393176554267094,0.6396801962976382
12,747,6.479928758892796,2.332456335414573,6.133163535084782
12,748,2.4772954123783633,1.9262756664892358,2.0975775415743367
12,749,6.39589192953531,2.643267342590108,6.110525715323307
12,750,3.3617026797872667,1.787854848302019,2.8284875600429
12,751,1.6908747306906564,0.7698250973169746,1.2000571715552493
12,752,2.023598558163924,1.487080271733505,1.7201645601409377
12,753,1.628794216919892,0.5590447516002846,1.0639743203513925
12,754,2.1721029973671566,0.5614998336455111,1.627576401673485
12,755,1.1394972134241805,0.4879638076840552,1.020687456019692
12,756,1.047481383701487,0.796783410847431,0.848423799299707
12,757,0.5103358611525768,0.24103528914707628,0.5102666690846315
12,758,1.5544391225324996,1.2924445352339422,1.3025572911524477
12,759,1.102575803949346,0.24012723963305904,0.7604433182612311
12,760,1.6400243112677637,1.5549020576066988,1.453540968760647
12,761,2.6282515413304592,1.91512406959331,2.296164826990265
12,762,1.5804590305042856,0.6069573038333619,1.3967159515743792
12,763,4.2150132265541576,0.6357997167112536,3.7573300222042434
12,764,2.3354038651252718,1.1733117091238197,1.9821655307038308
12,765,1.9196867823415114,0.2229611268241939,1.8114854385533552
12,766,4.531951189546033,1.2683940404529508,4.464054729328157
12,767,1.8607639421225142,0.5416555776280747,1.6644328424501957
12,768,6.991189133312748,3.0312038289515773,6.56907524569249
12,769,5.234389343642991,2.9270401525058674,4.92437000646166
12,770,1.8205770021803254,0.7514842741595457,1.3648306559417638
12,771,1.6937215007954822,0.8717558418432395,1.4676638757560179
12,772,4.942622360972431,3.982690844733704,4.624477031867648
12,773,7.567694638512436,0.7089407978214013,7.369898916234145
12,774,4.09894622093208,2.344654449915821,3.9695334721846627
12,775,1.061011907638931,0.16525603065715178,0.8621657952190196
12,776,6.7047117088245045,3.201628122356608,6.6242472440645574
12,777,0.7064931616661791,0.43610707681019956,0.8965522322175552
12,778,2.0793107107814914,1.131751967396156,1.6874297626880381
12,779,5.2290729149241075,2.7239633562394268,4.729021937307259
12,780,0.9043676324215277,0.555871980822007,0.6567114651473193
12,781,4.872604758212589,0.442941354539201,4.416012413060991
12,782,5.942780207616712,3.9288436425129074,5.752333081177982
12,783,3.0530643810684848,1.1828048248544136,2.798538183232207
12,784,2.0364716898263726,0.24532438888840977,1.8209398164512138
12,785,0.5358624142098352,0.17752758847005096,0.5038009738497754
12,786,2.894192491279381,0.7526192245667205,2.4243569906950073
12,787,8.520543354207568,4.475901873456343,8.068649989708605
12,788,1.4623319234281715,1.3049661391243406,1.195245513019181
12,789,5.055795077900061,0.8152993825434743,4.5785986105488625
12,790,1.5126932225060645,0.8008390849671618,1.2923737238619224
12,791,1.570685536679028,0.5778558909365842,1.4066249398202586
12,792,2.2879837313175195,0.3521168786711685,1.9806492113283196
12,793,1.3678061520845897,0.39304230227727166,1.161446460145192
12,794,1.7136831415827836,0.9861970243007537,1.6141705491043417
12,795,4.685867847486316,1.5591441264863786,4.270379152110079
12,796,0.7792547653531467,0.42304687866135604,0.6171009508827401
12,797,0.8084494145000471,0.627870718973233,0.7356233933345208
12,798,4.269042048054454,1.6002149578274578,3.5709032618828838
12,799,2.2649962673405524,0.5837129163340722,1.8536678943001625
12,800,2.600480199651745,1.2728043654377426,2.140809403502323
12,801,1.9882837307922863,0.3706268339189942,1.9413058958156912
12,802,1.2112625849437957,0.308324300197863,0.9959859354741636
12,803,5.882275321008458,1.3499090557870725,5.755575379350212
12,804,1.3548153182675806,1.0066029976038249,1.224222528626996
12,805,3.3110698729975794,0.897488351907217,2.8977315730190547
12,806,1.7476113912680087,1.0885455978398926,1.2593999230517565
12,807,9.018658860286372,4.6497728713896,8.670803482236025
12,808,6.159848869440823,2.9666532836975312,5.960809701226077
12,809,1.8116784114897089,0.8171322376927643,1.4184354262428611
12,810,2.8661689058479425,0.18380831272932363,2.795496610864916
12,811,5.689062295811095,2.7388603017520543,5.481160833050301
12,812,1.7241464272368192,0.8545981551040328,1.511823736739682
12,813,2.5473648106449835,1.026272243018266,2.1508381101727734
12,814,1.0975215462612449,0.8076192635103757,0.8781782701011843
12,815,1.1620840313934206,0.69590108523229,0.9463701605592608
12,816,2.112377201343188,1.3951079580249741,2.0305549323505283
12,817,2.2433966940282164,0.715701485474907,1.575965621551653
12,818,1.9063550650620158,0.8571092317779139,1.6549235297046605
12,819,1.8965344610761297,0.9386051471181144,1.4088363916232067
12,820,3.696807373259337,2.2935659437305778,3.4071855315426363
12,821,2.8278627330270334,1.3957959449481965,2.631667131610841
12,822,1.5783585686270132,1.12553261134823,1.4710554217259788
12,823,0.8105710789245619,0.3045546341858143,0.7226913929368939
12,824,0.716055955389755,0.18680569647821366,0.6719217248526355
12,825,1.0471202678611102,0.42334866692931283,0.9476978255385698
12,826,1.8179496353572862,0.45374301172527887,1.397662460530751
12,827,3.0299725353780866,2.1647842844121534,2.585644597958635
12,828,7.460785361932214,3.030716300627964,7.301412627000943
12,829,1.5240604771343946,0.6348564256470306,1.0709963584440796
12,830,7.061185198858187,4.456552606913877,6.601871161179787
12,831,7.465716240078512,3.059741052723098,7.4354207637988186
12,832,3.998205384175976,0.989098828978251,3.606726021875052
12,833,4.020615686060386,3.2454881235611293,3.416969000124061
12,834,2.3066470558241905,0.6737112222245217,2.207417429285684
12,835,2.3940177558684024,1.8174077933244188,2.181916273221921
12,836,4.161480712155298,0.20588739580310425,3.4355594882620206
12,837,1.5251309419758292,0.7310102039259616,1.1632206205190867
12,838,2.7384201646967297,2.3770954146624867,2.354074105293006
12,839,0.8021959910723527,0.154969018230336,0.6658087279264615
12,840,8.641753014241228,2.719015445963831,8.27259717395573
12,841,1.5575363515135288,0.5489675852911127,1.4078885592189092
12,842,3.5477570834026277,1.5656319844708952,3.3358719376451855
12,843,4.916096911636425,1.082169540717234,4.791674094959079
12,844,2.7909190022275068,1.3490932581900155,2.4884925758533747
12,845,5.284182084544276,0.5807412113884896,4.834948372686808
12,846,4.947353754661768,2.0186831852408957,4.498906207678298
12,847,2.7440397681613438,1.6958233778545557,2.3337705863209273
12,848,3.479336355913115,1.8383834349781871,3.188266291805487
12,849,2.171810655171776,1.8404477662346135,1.8717731944479117
12,850,0.6374086252825512,0.19654406388895923,0.5091473392296316
12,851,3.209906772972146,1.7073012966701122,3.059218087734355
12,852,3.857986745870895,2.160460285894734,3.350403907191487
12,853,2.452337456969323,1.6405416066770688,2.055953210898892
12,854,2.016378087524257,2.2534437502912286,1.6541442225975929
12,855,2.2548852115824918,1.1907615615327845,1.7675172496119462
12,856,1.5164182622423643,1.034211603132822,1.487774968559657
12,857,3.068801336783308,1.2796280764434782,2.8632427223735575
12,858,4.7207778447323,1.5734610723228768,4.0677256105355895
12,859,4.5018326487336955,3.07740596129332,4.280243377018953
12,860,1.719798575337418,0.6902291225908468,1.4561336848886532
12,861,0.760990318958028,0.23751410840421164,0.5848041725666984
12,862,1.7029937618068436,0.8679757348357369,1.696182870432474
12,863,6.046962032942508,4.684101085988927,5.334606057231047
12,864,1.8909610353583393,0.5248890545421426,1.3843881007406105
12,865,4.718668446289909,0.36279199108954757,4.197930982857086
12,866,2.8215351264865487,0.39641961285666616,2.6170962207825053
12,867,2.0850636767097472,1.1402650604192313,1.944065582126062
12,868,0.9736525311911528,0.22830021116758858,0.5593688036695408
12,869,2.804257731121325,0.8210392979895375,2.279338530449277
12,870,5.858024838844276,3.284320153034407,5.423756872670186
12,871,1.7948726488677231,0.5886899382458559,1.4736781926865472
12,872,9.032385604108821,3.9620720379898593,8.619011526158602
12,873,2.888755813761633,1.014912907905945,2.4785806881673227
12,874,1.9496278226516144,0.3501405681166955,1.5483211448283827
12,875,3.483098195156857,0.49460447543036934,3.2569816359947508
12,876,1.1058220787568858,0.2584632898412387,0.8751874554385861
12,877,2.7700207669472663,0.6596739824902788,1.8262486731479086
12,878,3.2927156119074787,2.212963526611836,3.1007246740695424
12,879,1.9424741814258268,0.8613680447857552,1.7689408563928168
12,880,2.62957907700454,0.8107149934813244,2.2912805498370354
12,881,2.486201824031238,2.122170669389045,2.0269765989291257
12,882,4.414021031212872,2.512433104638664,3.838606242580239
12,883,4.984715951597805,2.345516314430013,4.669957687619391
12,884,1.9307923483387506,1.3166644288791662,1.5503961470576386
12,885,1.3567312251194588,0.540313422647574,1.0539701260628709
12,886,5.730574879267246,1.7827865594563537,5.157201719825403
12,887,4.643426934891018,1.1640892599321493,4.184196130105537
12,888,3.0580555697600524,0.8150102415453164,2.4298081746687514
12,889,1.0491617753342575,0.3146943590014385,0.7839081662591775
12,890,6.233295330872333,0.34998245389669047,5.469849664097142
12,891,1.4718799731668992,0.24923765495433667,1.4032339099226707
12,892,6.827635598715694,0.4319253252986177,6.712095668307972
12,893,1.8041359226439702,0.1153019106606073,1.667717228949849
12,894,3.1829299854460333,1.9259677769280297,2.947123002625635
12,895,3.8400629832728645,0.30595248418582727,3.490682235805985
12,896,5.078536478547447,1.391860314350001,4.831758311693538
12,897,1.7380298085832653,0.40054140302629,1.451200291951704
12,898,4.776497025750558,0.597534170822216,4.290554732053133
12,899,4.539813711054377,1.451015729234673,3.8272550589739645
12,900,0.9984118352200075,0.42313065865763483,0.7523827251096907
12,901,1.4862936923307204,1.0250040261415931,1.291236804694243
12,902,1.664772676754708,1.0815314575100583,1.2025551628880593
12,903,2.159565213538103,1.1780697294817066,1.7023360544101627
12,904,3.973765910065724,0.1940040451514191,3.74253194172151
12,905,2.4828074973199192,1.8583134555299368,2.0053463461395005
12,906,2.6386947626935164,1.3510565464113182,2.1840272811865207
12,907,0.620774039369964,0.25416220469880363,0.458401708152007
12,908,2.4119832934731655,2.115967767673468,2.3711937411222714
12,909,1.0829019706754046,0.5866020368904308,0.9924054409343275
12,910,5.207266831959057,0.6745362669833318,4.4982014565484985
12,911,15.907857010030305,6.695491183198384,15.412093115784057
12,912,4.252984481667083,1.6719216061722033,3.7885196753980264
12,913,2.1414854768017992,0.5019251913358249,1.9992401980045023
12,914,13.180569013222724,3.0096341168330727,13.05086177217859
12,915,2.2881035492668906,0.9253958094871086,2.0336860057793964
12,916,3.611252934043926,0.9751218219837736,2.7993769438708043
12,917,0.5054685399817208,0.3036135024922749,0.44163539333821167
12,918,6.629035182725136,1.6891557580690504,6.155323880586641
12,919,0.7978120308442903,0.6026578019744799,0.6356726087584464
12,920,7.002935222250591,4.41807674860357,6.735186512711619
12,921,3.0518769912197237,0.8556266401558856,2.5388364067272366
12,922,1.678610587063186,0.6889662117455178,1.4673144322906677
12,923,2.022605433645956,1.747548604239631,1.6815910317085156
12,924,3.628029632715479,0.5359907316008514,3.0422751879305165
12,925,3.5393288935322276,0.5872983006135005,2.9513804612819303
12,926,1.2582354793607224,0.5913121461593924,1.0450650935834627
12,927,1.0917630254205128,0.5353205390211582,0.951263878147135
12,928,1.7653909729887678,0.7763193250271412,1.3130387891975048
12,929,1.872558677684172,0.5338022794508943,1.6653592332593767
12,930,4.112641048865196,1.0319712418288687,3.522568468860072
12,931,3.9816676406059788,2.086401434626715,3.867234999728007
12,932,7.365963359585939,1.5064575433973302,6.558110669161723
12,933,6.028218499542644,2.555316799369725,5.886351427500046
12,934,0.9272266783434648,0.44962251843554657,0.8837829324495183
12,935,7.8970350256625546,3.4482032554038375,6.723334916047475
12,936,3.4994503226315845,0.5857031286644722,2.7158943297891645
12,937,4.448682086704604,2.829132591631535,3.7473352686148975
12,938,1.9776323646082081,2.4285123328405165,1.8215647116673424
12,939,2.835190748881691,1.5220018299297564,2.5616689730915017
12,940,3.4308751612591974,2.0702093374538886,3.0191376502383878
12,941,3.22475911673323,1.7307525701399884,2.9084170950701393
12,942,2.890386234848003,0.824853568835628,2.2892165164989757
12,943,1.7008740912876377,0.8029613223130844,1.5073682812220617
12,944,1.4410267585700889,0.8108212922285745,1.0763494547214
12,945,2.317103888205508,1.2539289586526872,2.2025434838011284
12,946,6.943572738085717,0.79024767567709,6.47403295386747
12,947,4.830911156158417,2.289812922385189,3.826929208127317
12,948,1.2788380434764952,0.43788880712897044,0.9682117184945206
12,949,2.0293070006654963,0.4757705570563054,1.570511584576936
12,950,2.275627556146682,0.2634757028036222,1.6896408899030249
12,951,6.166690006648257,1.7862966876378752,5.822984787865757
12,952,0.66726974997359,0.23983639694562064,0.6297211481343195
12,953,3.1741979082707967,1.061642799165341,2.8848936328224513
12,954,5.222712154931099,1.782677664250208,4.832452378077677
12,955,3.1367622949882388,2.037534979022145,3.0938398556986564
12,956,1.464132927900899,0.19958994523190968,1.106961194879142
12,957,3.240381977175577,0.9134744355725959,2.680581583141021
12,958,0.6830116157917749,0.21273330803003593,0.6212620610343172
12,959,1.428812334570027,0.2970109952554351,0.9861141694456705
12,960,2.124845336027999,0.7647825989529128,1.884308334039698
12,961,5.544601872896532,1.9888537983110612,4.5251987186672995
12,962,3.4225831630420394,0.6916515417223029,3.329738773725088
12,963,0.323516037741785,0.13573379974666888,0.3234786695226229
12,964,7.807106730888951,1.9730894375402175,7.392591697161266
12,965,0.902983623391352,0.2733373901462767,0.6771528383089127
12,966,1.0415660245551013,0.5513389423313781,0.8883014534993807
12,967,7.990916222925863,3.1395191847829387,7.678735871029362
12,968,7.2233876441549985,4.460241187673571,7.212142561421538
12,969,6.966686153195103,1.1240244964727293,6.6724976418829876
12,970,5.679269863621629,3.6518713015032995,5.271340957663625
12,971,1.4363731669136792,0.46036158644997355,0.9930699400476526
12,972,0.7291455796806268,0.2734759066772317,0.6434135733950236
12,973,2.9097342016278556,2.265852711011919,2.484447500590226
12,974,0.8729865732620193,0.17140358341935122,0.6920020511539033
12,975,4.730359595403328,2.156446718613932,4.228716554918137
12,976,3.835619176439863,1.243514884146897,2.82614425982772
12,977,12.399587257135916,0.18515950086852317,12.320132160827908
12,978,1.3253208809991335,0.5129552525514552,0.912105816215809
12,979,0.4844950984346177,0.22028400028100503,0.4844289281808993
12,980,7.932330910044827,4.532652567050821,7.564712580168621
12,981,3.9340013559046625,0.39369611878589883,3.6747141516157202
12,982,8.70015713630234,4.512935666902056,8.056336640163185
12,983,2.0566247622790117,0.7042654523263561,1.6467791646764232
12,984,0.34904606614637834,0.189377307881716,0.3489938306479323
12,985,3.2360122614724283,1.7433035894790436,2.642179963329931
12,986,1.492662579230442,0.4237260318307402,1.2016274207261473
12,987,1.2084149605991512,0.7349888030121334,1.0246782022673988
12,988,2.1306873646682076,1.1177285023382983,1.9440612507858288
12,989,1.4045074572272167,0.7203471349881115,1.1700999205454847
12,990,1.5085802393293615,0.819778196747818,1.207232679721728
12,991,1.190150264408386,0.4839874736017638,1.1051903591558399
12,992,2.5575366278154057,0.48759861912905833,2.003523572172946
12,993,1.6719736201616435,1.1736655990136506,1.3582456182458822
12,994,2.249517641858198,0.8402277531515624,1.6259455003143115
12,995,1.0798606067845558,0.5592194900227813,0.7711296811426299
12,996,1.9702419347076905,1.0060429179786672,1.4542791356398108
12,997,5.400760186922131,1.0920199761022331,5.362237051864371
12,998,1.6935324034033377,0.6203734890859188,1.046560008337202
12,999,3.3382547672542606,0.4945239023991111,2.6748328275841295
12,1000,2.218737232489248,0.5801185919726161,1.651582228445666
